{
  "version": 3,
  "targets": {
    ".NETFramework,Version=v4.6.1": {
      "ClosedXML/0.87.1": {
        "type": "package",
        "dependencies": {
          "DocumentFormat.OpenXml": "2.5.0"
        },
        "compile": {
          "lib/net40/_._": {}
        },
        "runtime": {
          "lib/net40/ClosedXML.dll": {}
        }
      },
      "CsvHelper/2.13.5": {
        "type": "package",
        "compile": {
          "lib/net40-client/_._": {}
        },
        "runtime": {
          "lib/net40-client/CsvHelper.dll": {}
        }
      },
      "DocumentFormat.OpenXml/2.5.0": {
        "type": "package",
        "compile": {
          "lib/_._": {}
        },
        "runtime": {
          "lib/DocumentFormat.OpenXml.dll": {}
        }
      },
      "Microsoft.AspNet.SignalR.Client/2.4.0": {
        "type": "package",
        "dependencies": {
          "Newtonsoft.Json": "6.0.4"
        },
        "frameworkAssemblies": [
          "System.Net.Http",
          "System.Net.Http.WebRequest"
        ],
        "compile": {
          "lib/net45/_._": {}
        },
        "runtime": {
          "lib/net45/Microsoft.AspNet.SignalR.Client.dll": {}
        }
      },
      "Microsoft.AspNetCore.Connections.Abstractions/3.1.6": {
        "type": "package",
        "dependencies": {
          "Microsoft.AspNetCore.Http.Features": "3.1.6",
          "Microsoft.Bcl.AsyncInterfaces": "1.1.1",
          "System.IO.Pipelines": "4.7.1"
        },
        "compile": {
          "lib/netstandard2.0/_._": {}
        },
        "runtime": {
          "lib/netstandard2.0/Microsoft.AspNetCore.Connections.Abstractions.dll": {}
        }
      },
      "Microsoft.AspNetCore.Http.Connections.Client/3.1.6": {
        "type": "package",
        "dependencies": {
          "Microsoft.AspNetCore.Http.Connections.Common": "3.1.6",
          "Microsoft.Extensions.Logging.Abstractions": "3.1.6",
          "Microsoft.Extensions.Options": "3.1.6"
        },
        "compile": {
          "lib/netstandard2.0/_._": {}
        },
        "runtime": {
          "lib/netstandard2.0/Microsoft.AspNetCore.Http.Connections.Client.dll": {}
        }
      },
      "Microsoft.AspNetCore.Http.Connections.Common/3.1.6": {
        "type": "package",
        "dependencies": {
          "Microsoft.AspNetCore.Connections.Abstractions": "3.1.6",
          "System.Text.Json": "4.7.2"
        },
        "compile": {
          "lib/netstandard2.0/_._": {}
        },
        "runtime": {
          "lib/netstandard2.0/Microsoft.AspNetCore.Http.Connections.Common.dll": {}
        }
      },
      "Microsoft.AspNetCore.Http.Features/3.1.6": {
        "type": "package",
        "dependencies": {
          "Microsoft.Extensions.Primitives": "3.1.6",
          "System.IO.Pipelines": "4.7.1"
        },
        "compile": {
          "lib/netstandard2.0/_._": {}
        },
        "runtime": {
          "lib/netstandard2.0/Microsoft.AspNetCore.Http.Features.dll": {}
        }
      },
      "Microsoft.AspNetCore.SignalR.Client/3.1.6": {
        "type": "package",
        "dependencies": {
          "Microsoft.AspNetCore.Http.Connections.Client": "3.1.6",
          "Microsoft.AspNetCore.SignalR.Client.Core": "3.1.6"
        },
        "compile": {
          "lib/netstandard2.0/_._": {}
        },
        "runtime": {
          "lib/netstandard2.0/Microsoft.AspNetCore.SignalR.Client.dll": {}
        }
      },
      "Microsoft.AspNetCore.SignalR.Client.Core/3.1.6": {
        "type": "package",
        "dependencies": {
          "Microsoft.AspNetCore.SignalR.Common": "3.1.6",
          "Microsoft.AspNetCore.SignalR.Protocols.Json": "3.1.6",
          "Microsoft.Bcl.AsyncInterfaces": "1.1.1",
          "Microsoft.Extensions.DependencyInjection": "3.1.6",
          "Microsoft.Extensions.Logging": "3.1.6",
          "System.Threading.Channels": "4.7.1"
        },
        "compile": {
          "lib/netstandard2.0/_._": {}
        },
        "runtime": {
          "lib/netstandard2.0/Microsoft.AspNetCore.SignalR.Client.Core.dll": {}
        }
      },
      "Microsoft.AspNetCore.SignalR.Common/3.1.6": {
        "type": "package",
        "dependencies": {
          "Microsoft.AspNetCore.Connections.Abstractions": "3.1.6",
          "Microsoft.Extensions.Options": "3.1.6",
          "System.Text.Json": "4.7.2"
        },
        "compile": {
          "lib/netstandard2.0/_._": {}
        },
        "runtime": {
          "lib/netstandard2.0/Microsoft.AspNetCore.SignalR.Common.dll": {}
        }
      },
      "Microsoft.AspNetCore.SignalR.Protocols.Json/3.1.6": {
        "type": "package",
        "dependencies": {
          "Microsoft.AspNetCore.SignalR.Common": "3.1.6"
        },
        "compile": {
          "lib/netstandard2.0/_._": {}
        },
        "runtime": {
          "lib/netstandard2.0/Microsoft.AspNetCore.SignalR.Protocols.Json.dll": {}
        }
      },
      "Microsoft.Bcl.AsyncInterfaces/1.1.1": {
        "type": "package",
        "dependencies": {
          "System.Threading.Tasks.Extensions": "4.5.4"
        },
        "frameworkAssemblies": [
          "mscorlib"
        ],
        "compile": {
          "ref/net461/_._": {}
        },
        "runtime": {
          "lib/net461/Microsoft.Bcl.AsyncInterfaces.dll": {}
        }
      },
      "Microsoft.Extensions.Configuration/3.1.6": {
        "type": "package",
        "dependencies": {
          "Microsoft.Extensions.Configuration.Abstractions": "3.1.6"
        },
        "compile": {
          "lib/netstandard2.0/_._": {}
        },
        "runtime": {
          "lib/netstandard2.0/Microsoft.Extensions.Configuration.dll": {}
        }
      },
      "Microsoft.Extensions.Configuration.Abstractions/3.1.6": {
        "type": "package",
        "dependencies": {
          "Microsoft.Extensions.Primitives": "3.1.6"
        },
        "compile": {
          "lib/netstandard2.0/_._": {}
        },
        "runtime": {
          "lib/netstandard2.0/Microsoft.Extensions.Configuration.Abstractions.dll": {}
        }
      },
      "Microsoft.Extensions.Configuration.Binder/3.1.6": {
        "type": "package",
        "dependencies": {
          "Microsoft.Extensions.Configuration": "3.1.6"
        },
        "compile": {
          "lib/netstandard2.0/_._": {}
        },
        "runtime": {
          "lib/netstandard2.0/Microsoft.Extensions.Configuration.Binder.dll": {}
        }
      },
      "Microsoft.Extensions.DependencyInjection/3.1.6": {
        "type": "package",
        "dependencies": {
          "Microsoft.Bcl.AsyncInterfaces": "1.1.1",
          "Microsoft.Extensions.DependencyInjection.Abstractions": "3.1.6"
        },
        "compile": {
          "lib/net461/_._": {}
        },
        "runtime": {
          "lib/net461/Microsoft.Extensions.DependencyInjection.dll": {}
        }
      },
      "Microsoft.Extensions.DependencyInjection.Abstractions/3.1.6": {
        "type": "package",
        "compile": {
          "lib/netstandard2.0/_._": {}
        },
        "runtime": {
          "lib/netstandard2.0/Microsoft.Extensions.DependencyInjection.Abstractions.dll": {}
        }
      },
      "Microsoft.Extensions.Logging/3.1.6": {
        "type": "package",
        "dependencies": {
          "Microsoft.Extensions.Configuration.Binder": "3.1.6",
          "Microsoft.Extensions.DependencyInjection": "3.1.6",
          "Microsoft.Extensions.Logging.Abstractions": "3.1.6",
          "Microsoft.Extensions.Options": "3.1.6"
        },
        "compile": {
          "lib/netstandard2.0/_._": {}
        },
        "runtime": {
          "lib/netstandard2.0/Microsoft.Extensions.Logging.dll": {}
        }
      },
      "Microsoft.Extensions.Logging.Abstractions/3.1.6": {
        "type": "package",
        "compile": {
          "lib/netstandard2.0/_._": {}
        },
        "runtime": {
          "lib/netstandard2.0/Microsoft.Extensions.Logging.Abstractions.dll": {}
        }
      },
      "Microsoft.Extensions.Options/3.1.6": {
        "type": "package",
        "dependencies": {
          "Microsoft.Extensions.DependencyInjection.Abstractions": "3.1.6",
          "Microsoft.Extensions.Primitives": "3.1.6",
          "System.ComponentModel.Annotations": "4.7.0"
        },
        "compile": {
          "lib/netstandard2.0/_._": {}
        },
        "runtime": {
          "lib/netstandard2.0/Microsoft.Extensions.Options.dll": {}
        }
      },
      "Microsoft.Extensions.Primitives/3.1.6": {
        "type": "package",
        "dependencies": {
          "System.Memory": "4.5.2",
          "System.Runtime.CompilerServices.Unsafe": "4.7.1"
        },
        "compile": {
          "lib/netstandard2.0/_._": {}
        },
        "runtime": {
          "lib/netstandard2.0/Microsoft.Extensions.Primitives.dll": {}
        }
      },
      "Microsoft.Rest.ClientRuntime/2.3.21": {
        "type": "package",
        "dependencies": {
          "Newtonsoft.Json": "10.0.3"
        },
        "frameworkAssemblies": [
          "System.Net",
          "System.Net.Http",
          "System.Net.Http.WebRequest",
          "System.Runtime",
          "System.Runtime.Serialization"
        ],
        "compile": {
          "lib/net461/_._": {}
        },
        "runtime": {
          "lib/net461/Microsoft.Rest.ClientRuntime.dll": {}
        }
      },
      "Microsoft.VisualStudio.OLE.Interop/7.10.6071": {
        "type": "package",
        "compile": {
          "lib/_._": {}
        },
        "runtime": {
          "lib/Microsoft.VisualStudio.OLE.Interop.dll": {}
        }
      },
      "Newtonsoft.Json/11.0.2": {
        "type": "package",
        "compile": {
          "lib/net45/_._": {}
        },
        "runtime": {
          "lib/net45/Newtonsoft.Json.dll": {}
        }
      },
      "NPOI/2.4.1": {
        "type": "package",
        "dependencies": {
          "SharpZipLib": "1.0.0"
        },
        "compile": {
          "lib/net45/_._": {}
        },
        "runtime": {
          "lib/net45/NPOI.OOXML.dll": {},
          "lib/net45/NPOI.OpenXml4Net.dll": {},
          "lib/net45/NPOI.OpenXmlFormats.dll": {},
          "lib/net45/NPOI.dll": {}
        }
      },
      "SharpZipLib/1.2.0": {
        "type": "package",
        "compile": {
          "lib/net45/_._": {}
        },
        "runtime": {
          "lib/net45/ICSharpCode.SharpZipLib.dll": {}
        }
      },
      "System.Buffers/4.5.1": {
        "type": "package",
        "frameworkAssemblies": [
          "mscorlib"
        ],
        "compile": {
          "ref/net45/_._": {}
        },
        "runtime": {
          "lib/net461/System.Buffers.dll": {}
        }
      },
      "System.ComponentModel.Annotations/4.7.0": {
        "type": "package",
        "frameworkAssemblies": [
          "System.ComponentModel.DataAnnotations",
          "mscorlib"
        ],
        "compile": {
          "ref/net461/_._": {}
        },
        "runtime": {
          "lib/net461/System.ComponentModel.Annotations.dll": {}
        }
      },
      "System.IO.Abstractions/3.0.10": {
        "type": "package",
        "frameworkAssemblies": [
          "Microsoft.CSharp",
          "System"
        ],
        "compile": {
          "lib/net40/_._": {}
        },
        "runtime": {
          "lib/net40/System.IO.Abstractions.dll": {}
        }
      },
      "System.IO.Pipelines/4.7.1": {
        "type": "package",
        "dependencies": {
          "System.Buffers": "4.5.0",
          "System.Memory": "4.5.3",
          "System.Threading.Tasks.Extensions": "4.5.2"
        },
        "compile": {
          "lib/netstandard2.0/_._": {}
        },
        "runtime": {
          "lib/netstandard2.0/System.IO.Pipelines.dll": {}
        }
      },
      "System.Memory/4.5.4": {
        "type": "package",
        "dependencies": {
          "System.Buffers": "4.5.1",
          "System.Numerics.Vectors": "4.5.0",
          "System.Runtime.CompilerServices.Unsafe": "4.5.3"
        },
        "frameworkAssemblies": [
          "System",
          "mscorlib"
        ],
        "compile": {
          "lib/net461/_._": {}
        },
        "runtime": {
          "lib/net461/System.Memory.dll": {}
        }
      },
      "System.Numerics.Vectors/4.5.0": {
        "type": "package",
        "frameworkAssemblies": [
          "System.Numerics",
          "mscorlib"
        ],
        "compile": {
          "ref/net46/_._": {}
        },
        "runtime": {
          "lib/net46/System.Numerics.Vectors.dll": {}
        }
      },
      "System.Runtime.CompilerServices.Unsafe/4.7.1": {
        "type": "package",
        "frameworkAssemblies": [
          "mscorlib"
        ],
        "compile": {
          "ref/net461/_._": {}
        },
        "runtime": {
          "lib/net461/System.Runtime.CompilerServices.Unsafe.dll": {}
        }
      },
      "System.Text.Encodings.Web/4.7.1": {
        "type": "package",
        "dependencies": {
          "System.Memory": "4.5.4"
        },
        "frameworkAssemblies": [
          "System",
          "mscorlib"
        ],
        "compile": {
          "lib/net461/_._": {}
        },
        "runtime": {
          "lib/net461/System.Text.Encodings.Web.dll": {}
        }
      },
      "System.Text.Json/4.7.2": {
        "type": "package",
        "dependencies": {
          "Microsoft.Bcl.AsyncInterfaces": "1.1.0",
          "System.Buffers": "4.5.1",
          "System.Memory": "4.5.4",
          "System.Numerics.Vectors": "4.5.0",
          "System.Runtime.CompilerServices.Unsafe": "4.7.1",
          "System.Text.Encodings.Web": "4.7.1",
          "System.Threading.Tasks.Extensions": "4.5.4",
          "System.ValueTuple": "4.5.0"
        },
        "frameworkAssemblies": [
          "System",
          "System.Core",
          "mscorlib"
        ],
        "compile": {
          "lib/net461/_._": {}
        },
        "runtime": {
          "lib/net461/System.Text.Json.dll": {}
        }
      },
      "System.Threading.Channels/4.7.1": {
        "type": "package",
        "dependencies": {
          "System.Threading.Tasks.Extensions": "4.5.4"
        },
        "frameworkAssemblies": [
          "mscorlib"
        ],
        "compile": {
          "lib/net461/_._": {}
        },
        "runtime": {
          "lib/net461/System.Threading.Channels.dll": {}
        }
      },
      "System.Threading.Tasks.Extensions/4.5.4": {
        "type": "package",
        "dependencies": {
          "System.Runtime.CompilerServices.Unsafe": "4.5.3"
        },
        "frameworkAssemblies": [
          "mscorlib"
        ],
        "compile": {
          "lib/net461/_._": {}
        },
        "runtime": {
          "lib/net461/System.Threading.Tasks.Extensions.dll": {}
        }
      },
      "System.ValueTuple/4.5.0": {
        "type": "package",
        "frameworkAssemblies": [
          "System",
          "mscorlib"
        ],
        "compile": {
          "ref/net461/_._": {}
        },
        "runtime": {
          "lib/net461/System.ValueTuple.dll": {}
        }
      },
      "UiPath.Excel.Activities/2.9.3": {
        "type": "package",
        "dependencies": {
          "ClosedXML": "0.87.1",
          "CsvHelper": "2.13.5",
          "DocumentFormat.OpenXml": "2.5.0",
          "Microsoft.VisualStudio.OLE.Interop": "7.10.6071",
          "NPOI": "2.4.1",
          "SharpZipLib": "1.0.0"
        },
        "compile": {
          "lib/net461/_._": {}
        },
        "runtime": {
          "lib/net461/UiPath.Excel.Activities.Design.dll": {},
          "lib/net461/UiPath.Excel.Activities.dll": {},
          "lib/net461/UiPath.Excel.dll": {}
        },
        "resource": {
          "lib/net461/de/UiPath.Excel.Activities.Design.resources.dll": {
            "locale": "de"
          },
          "lib/net461/de/UiPath.Excel.Activities.resources.dll": {
            "locale": "de"
          },
          "lib/net461/de/UiPath.Excel.resources.dll": {
            "locale": "de"
          },
          "lib/net461/es-MX/UiPath.Excel.Activities.Design.resources.dll": {
            "locale": "es-MX"
          },
          "lib/net461/es-MX/UiPath.Excel.Activities.resources.dll": {
            "locale": "es-MX"
          },
          "lib/net461/es-MX/UiPath.Excel.resources.dll": {
            "locale": "es-MX"
          },
          "lib/net461/es/UiPath.Excel.Activities.Design.resources.dll": {
            "locale": "es"
          },
          "lib/net461/es/UiPath.Excel.Activities.resources.dll": {
            "locale": "es"
          },
          "lib/net461/es/UiPath.Excel.resources.dll": {
            "locale": "es"
          },
          "lib/net461/fr/UiPath.Excel.Activities.Design.resources.dll": {
            "locale": "fr"
          },
          "lib/net461/fr/UiPath.Excel.Activities.resources.dll": {
            "locale": "fr"
          },
          "lib/net461/fr/UiPath.Excel.resources.dll": {
            "locale": "fr"
          },
          "lib/net461/ja/UiPath.Excel.Activities.Design.resources.dll": {
            "locale": "ja"
          },
          "lib/net461/ja/UiPath.Excel.Activities.resources.dll": {
            "locale": "ja"
          },
          "lib/net461/ja/UiPath.Excel.resources.dll": {
            "locale": "ja"
          },
          "lib/net461/ko/UiPath.Excel.Activities.Design.resources.dll": {
            "locale": "ko"
          },
          "lib/net461/ko/UiPath.Excel.Activities.resources.dll": {
            "locale": "ko"
          },
          "lib/net461/ko/UiPath.Excel.resources.dll": {
            "locale": "ko"
          },
          "lib/net461/pt-BR/UiPath.Excel.Activities.Design.resources.dll": {
            "locale": "pt-BR"
          },
          "lib/net461/pt-BR/UiPath.Excel.Activities.resources.dll": {
            "locale": "pt-BR"
          },
          "lib/net461/pt-BR/UiPath.Excel.resources.dll": {
            "locale": "pt-BR"
          },
          "lib/net461/pt/UiPath.Excel.Activities.Design.resources.dll": {
            "locale": "pt"
          },
          "lib/net461/pt/UiPath.Excel.Activities.resources.dll": {
            "locale": "pt"
          },
          "lib/net461/pt/UiPath.Excel.resources.dll": {
            "locale": "pt"
          },
          "lib/net461/ru/UiPath.Excel.Activities.Design.resources.dll": {
            "locale": "ru"
          },
          "lib/net461/ru/UiPath.Excel.Activities.resources.dll": {
            "locale": "ru"
          },
          "lib/net461/ru/UiPath.Excel.resources.dll": {
            "locale": "ru"
          },
          "lib/net461/tr/UiPath.Excel.Activities.Design.resources.dll": {
            "locale": "tr"
          },
          "lib/net461/tr/UiPath.Excel.Activities.resources.dll": {
            "locale": "tr"
          },
          "lib/net461/tr/UiPath.Excel.resources.dll": {
            "locale": "tr"
          },
          "lib/net461/zh-CN/UiPath.Excel.Activities.Design.resources.dll": {
            "locale": "zh-CN"
          },
          "lib/net461/zh-CN/UiPath.Excel.Activities.resources.dll": {
            "locale": "zh-CN"
          },
          "lib/net461/zh-CN/UiPath.Excel.resources.dll": {
            "locale": "zh-CN"
          }
        }
      },
      "UiPath.Platform/20.10.4": {
        "type": "package",
        "dependencies": {
          "Newtonsoft.Json": "11.0.2",
          "System.IO.Abstractions": "3.0.10",
          "System.ValueTuple": "4.5.0"
        },
        "compile": {
          "lib/net461/_._": {}
        },
        "runtime": {
          "lib/net461/UiPath.Platform.dll": {}
        }
      },
      "UiPath.System.Activities/20.10.4": {
        "type": "package",
        "dependencies": {
          "CsvHelper": "2.13.5",
          "Microsoft.AspNet.SignalR.Client": "2.4.0",
          "Microsoft.AspNetCore.SignalR.Client": "3.1.6",
          "Microsoft.Bcl.AsyncInterfaces": "1.1.1",
          "Microsoft.Rest.ClientRuntime": "2.3.21",
          "Newtonsoft.Json": "11.0.2",
          "SharpZipLib": "1.2.0",
          "System.Buffers": "4.5.1",
          "System.Memory": "4.5.4",
          "System.Numerics.Vectors": "4.5.0",
          "System.Runtime.CompilerServices.Unsafe": "4.7.1",
          "System.Threading.Tasks.Extensions": "4.5.4",
          "UiPath.Platform": "20.10.4"
        },
        "compile": {
          "lib/net461/_._": {}
        },
        "runtime": {
          "lib/net461/ActiproSoftware.Docking.Wpf.dll": {},
          "lib/net461/ActiproSoftware.Ribbon.Wpf.dll": {},
          "lib/net461/ActiproSoftware.Shared.Wpf.dll": {},
          "lib/net461/ActiproSoftware.SyntaxEditor.Addons.DotNet.Wpf.dll": {},
          "lib/net461/ActiproSoftware.SyntaxEditor.Wpf.dll": {},
          "lib/net461/ActiproSoftware.Text.Addons.DotNet.Wpf.dll": {},
          "lib/net461/ActiproSoftware.Text.LLParser.Wpf.dll": {},
          "lib/net461/ActiproSoftware.Text.Wpf.dll": {},
          "lib/net461/ActiproSoftware.Wizard.Wpf.dll": {},
          "lib/net461/CustomInputForm.exe": {},
          "lib/net461/UiPath.OrchestratorClient.dll": {},
          "lib/net461/UiPath.System.Activities.Design.dll": {},
          "lib/net461/UiPath.System.Activities.dll": {}
        },
        "resource": {
          "lib/net461/de/UiPath.System.Activities.Design.resources.dll": {
            "locale": "de"
          },
          "lib/net461/de/UiPath.System.Activities.resources.dll": {
            "locale": "de"
          },
          "lib/net461/es-MX/UiPath.System.Activities.Design.resources.dll": {
            "locale": "es-MX"
          },
          "lib/net461/es-MX/UiPath.System.Activities.resources.dll": {
            "locale": "es-MX"
          },
          "lib/net461/es/UiPath.System.Activities.Design.resources.dll": {
            "locale": "es"
          },
          "lib/net461/es/UiPath.System.Activities.resources.dll": {
            "locale": "es"
          },
          "lib/net461/fr/UiPath.System.Activities.Design.resources.dll": {
            "locale": "fr"
          },
          "lib/net461/fr/UiPath.System.Activities.resources.dll": {
            "locale": "fr"
          },
          "lib/net461/ja/UiPath.System.Activities.Design.resources.dll": {
            "locale": "ja"
          },
          "lib/net461/ja/UiPath.System.Activities.resources.dll": {
            "locale": "ja"
          },
          "lib/net461/ko/UiPath.System.Activities.Design.resources.dll": {
            "locale": "ko"
          },
          "lib/net461/ko/UiPath.System.Activities.resources.dll": {
            "locale": "ko"
          },
          "lib/net461/pt-BR/UiPath.System.Activities.Design.resources.dll": {
            "locale": "pt-BR"
          },
          "lib/net461/pt-BR/UiPath.System.Activities.resources.dll": {
            "locale": "pt-BR"
          },
          "lib/net461/pt/UiPath.System.Activities.Design.resources.dll": {
            "locale": "pt"
          },
          "lib/net461/pt/UiPath.System.Activities.resources.dll": {
            "locale": "pt"
          },
          "lib/net461/ru/UiPath.System.Activities.Design.resources.dll": {
            "locale": "ru"
          },
          "lib/net461/ru/UiPath.System.Activities.resources.dll": {
            "locale": "ru"
          },
          "lib/net461/tr/UiPath.System.Activities.Design.resources.dll": {
            "locale": "tr"
          },
          "lib/net461/tr/UiPath.System.Activities.resources.dll": {
            "locale": "tr"
          },
          "lib/net461/zh-CN/UiPath.System.Activities.Design.resources.dll": {
            "locale": "zh-CN"
          },
          "lib/net461/zh-CN/UiPath.System.Activities.resources.dll": {
            "locale": "zh-CN"
          }
        }
      }
    },
    ".NETFramework,Version=v4.6.1/win7-x86": {
      "ClosedXML/0.87.1": {
        "type": "package",
        "dependencies": {
          "DocumentFormat.OpenXml": "2.5.0"
        },
        "compile": {
          "lib/net40/_._": {}
        },
        "runtime": {
          "lib/net40/ClosedXML.dll": {}
        }
      },
      "CsvHelper/2.13.5": {
        "type": "package",
        "compile": {
          "lib/net40-client/_._": {}
        },
        "runtime": {
          "lib/net40-client/CsvHelper.dll": {}
        }
      },
      "DocumentFormat.OpenXml/2.5.0": {
        "type": "package",
        "compile": {
          "lib/_._": {}
        },
        "runtime": {
          "lib/DocumentFormat.OpenXml.dll": {}
        }
      },
      "Microsoft.AspNet.SignalR.Client/2.4.0": {
        "type": "package",
        "dependencies": {
          "Newtonsoft.Json": "6.0.4"
        },
        "frameworkAssemblies": [
          "System.Net.Http",
          "System.Net.Http.WebRequest"
        ],
        "compile": {
          "lib/net45/_._": {}
        },
        "runtime": {
          "lib/net45/Microsoft.AspNet.SignalR.Client.dll": {}
        }
      },
      "Microsoft.AspNetCore.Connections.Abstractions/3.1.6": {
        "type": "package",
        "dependencies": {
          "Microsoft.AspNetCore.Http.Features": "3.1.6",
          "Microsoft.Bcl.AsyncInterfaces": "1.1.1",
          "System.IO.Pipelines": "4.7.1"
        },
        "compile": {
          "lib/netstandard2.0/_._": {}
        },
        "runtime": {
          "lib/netstandard2.0/Microsoft.AspNetCore.Connections.Abstractions.dll": {}
        }
      },
      "Microsoft.AspNetCore.Http.Connections.Client/3.1.6": {
        "type": "package",
        "dependencies": {
          "Microsoft.AspNetCore.Http.Connections.Common": "3.1.6",
          "Microsoft.Extensions.Logging.Abstractions": "3.1.6",
          "Microsoft.Extensions.Options": "3.1.6"
        },
        "compile": {
          "lib/netstandard2.0/_._": {}
        },
        "runtime": {
          "lib/netstandard2.0/Microsoft.AspNetCore.Http.Connections.Client.dll": {}
        }
      },
      "Microsoft.AspNetCore.Http.Connections.Common/3.1.6": {
        "type": "package",
        "dependencies": {
          "Microsoft.AspNetCore.Connections.Abstractions": "3.1.6",
          "System.Text.Json": "4.7.2"
        },
        "compile": {
          "lib/netstandard2.0/_._": {}
        },
        "runtime": {
          "lib/netstandard2.0/Microsoft.AspNetCore.Http.Connections.Common.dll": {}
        }
      },
      "Microsoft.AspNetCore.Http.Features/3.1.6": {
        "type": "package",
        "dependencies": {
          "Microsoft.Extensions.Primitives": "3.1.6",
          "System.IO.Pipelines": "4.7.1"
        },
        "compile": {
          "lib/netstandard2.0/_._": {}
        },
        "runtime": {
          "lib/netstandard2.0/Microsoft.AspNetCore.Http.Features.dll": {}
        }
      },
      "Microsoft.AspNetCore.SignalR.Client/3.1.6": {
        "type": "package",
        "dependencies": {
          "Microsoft.AspNetCore.Http.Connections.Client": "3.1.6",
          "Microsoft.AspNetCore.SignalR.Client.Core": "3.1.6"
        },
        "compile": {
          "lib/netstandard2.0/_._": {}
        },
        "runtime": {
          "lib/netstandard2.0/Microsoft.AspNetCore.SignalR.Client.dll": {}
        }
      },
      "Microsoft.AspNetCore.SignalR.Client.Core/3.1.6": {
        "type": "package",
        "dependencies": {
          "Microsoft.AspNetCore.SignalR.Common": "3.1.6",
          "Microsoft.AspNetCore.SignalR.Protocols.Json": "3.1.6",
          "Microsoft.Bcl.AsyncInterfaces": "1.1.1",
          "Microsoft.Extensions.DependencyInjection": "3.1.6",
          "Microsoft.Extensions.Logging": "3.1.6",
          "System.Threading.Channels": "4.7.1"
        },
        "compile": {
          "lib/netstandard2.0/_._": {}
        },
        "runtime": {
          "lib/netstandard2.0/Microsoft.AspNetCore.SignalR.Client.Core.dll": {}
        }
      },
      "Microsoft.AspNetCore.SignalR.Common/3.1.6": {
        "type": "package",
        "dependencies": {
          "Microsoft.AspNetCore.Connections.Abstractions": "3.1.6",
          "Microsoft.Extensions.Options": "3.1.6",
          "System.Text.Json": "4.7.2"
        },
        "compile": {
          "lib/netstandard2.0/_._": {}
        },
        "runtime": {
          "lib/netstandard2.0/Microsoft.AspNetCore.SignalR.Common.dll": {}
        }
      },
      "Microsoft.AspNetCore.SignalR.Protocols.Json/3.1.6": {
        "type": "package",
        "dependencies": {
          "Microsoft.AspNetCore.SignalR.Common": "3.1.6"
        },
        "compile": {
          "lib/netstandard2.0/_._": {}
        },
        "runtime": {
          "lib/netstandard2.0/Microsoft.AspNetCore.SignalR.Protocols.Json.dll": {}
        }
      },
      "Microsoft.Bcl.AsyncInterfaces/1.1.1": {
        "type": "package",
        "dependencies": {
          "System.Threading.Tasks.Extensions": "4.5.4"
        },
        "frameworkAssemblies": [
          "mscorlib"
        ],
        "compile": {
          "ref/net461/_._": {}
        },
        "runtime": {
          "lib/net461/Microsoft.Bcl.AsyncInterfaces.dll": {}
        }
      },
      "Microsoft.Extensions.Configuration/3.1.6": {
        "type": "package",
        "dependencies": {
          "Microsoft.Extensions.Configuration.Abstractions": "3.1.6"
        },
        "compile": {
          "lib/netstandard2.0/_._": {}
        },
        "runtime": {
          "lib/netstandard2.0/Microsoft.Extensions.Configuration.dll": {}
        }
      },
      "Microsoft.Extensions.Configuration.Abstractions/3.1.6": {
        "type": "package",
        "dependencies": {
          "Microsoft.Extensions.Primitives": "3.1.6"
        },
        "compile": {
          "lib/netstandard2.0/_._": {}
        },
        "runtime": {
          "lib/netstandard2.0/Microsoft.Extensions.Configuration.Abstractions.dll": {}
        }
      },
      "Microsoft.Extensions.Configuration.Binder/3.1.6": {
        "type": "package",
        "dependencies": {
          "Microsoft.Extensions.Configuration": "3.1.6"
        },
        "compile": {
          "lib/netstandard2.0/_._": {}
        },
        "runtime": {
          "lib/netstandard2.0/Microsoft.Extensions.Configuration.Binder.dll": {}
        }
      },
      "Microsoft.Extensions.DependencyInjection/3.1.6": {
        "type": "package",
        "dependencies": {
          "Microsoft.Bcl.AsyncInterfaces": "1.1.1",
          "Microsoft.Extensions.DependencyInjection.Abstractions": "3.1.6"
        },
        "compile": {
          "lib/net461/_._": {}
        },
        "runtime": {
          "lib/net461/Microsoft.Extensions.DependencyInjection.dll": {}
        }
      },
      "Microsoft.Extensions.DependencyInjection.Abstractions/3.1.6": {
        "type": "package",
        "compile": {
          "lib/netstandard2.0/_._": {}
        },
        "runtime": {
          "lib/netstandard2.0/Microsoft.Extensions.DependencyInjection.Abstractions.dll": {}
        }
      },
      "Microsoft.Extensions.Logging/3.1.6": {
        "type": "package",
        "dependencies": {
          "Microsoft.Extensions.Configuration.Binder": "3.1.6",
          "Microsoft.Extensions.DependencyInjection": "3.1.6",
          "Microsoft.Extensions.Logging.Abstractions": "3.1.6",
          "Microsoft.Extensions.Options": "3.1.6"
        },
        "compile": {
          "lib/netstandard2.0/_._": {}
        },
        "runtime": {
          "lib/netstandard2.0/Microsoft.Extensions.Logging.dll": {}
        }
      },
      "Microsoft.Extensions.Logging.Abstractions/3.1.6": {
        "type": "package",
        "compile": {
          "lib/netstandard2.0/_._": {}
        },
        "runtime": {
          "lib/netstandard2.0/Microsoft.Extensions.Logging.Abstractions.dll": {}
        }
      },
      "Microsoft.Extensions.Options/3.1.6": {
        "type": "package",
        "dependencies": {
          "Microsoft.Extensions.DependencyInjection.Abstractions": "3.1.6",
          "Microsoft.Extensions.Primitives": "3.1.6",
          "System.ComponentModel.Annotations": "4.7.0"
        },
        "compile": {
          "lib/netstandard2.0/_._": {}
        },
        "runtime": {
          "lib/netstandard2.0/Microsoft.Extensions.Options.dll": {}
        }
      },
      "Microsoft.Extensions.Primitives/3.1.6": {
        "type": "package",
        "dependencies": {
          "System.Memory": "4.5.2",
          "System.Runtime.CompilerServices.Unsafe": "4.7.1"
        },
        "compile": {
          "lib/netstandard2.0/_._": {}
        },
        "runtime": {
          "lib/netstandard2.0/Microsoft.Extensions.Primitives.dll": {}
        }
      },
      "Microsoft.Rest.ClientRuntime/2.3.21": {
        "type": "package",
        "dependencies": {
          "Newtonsoft.Json": "10.0.3"
        },
        "frameworkAssemblies": [
          "System.Net",
          "System.Net.Http",
          "System.Net.Http.WebRequest",
          "System.Runtime",
          "System.Runtime.Serialization"
        ],
        "compile": {
          "lib/net461/_._": {}
        },
        "runtime": {
          "lib/net461/Microsoft.Rest.ClientRuntime.dll": {}
        }
      },
      "Microsoft.VisualStudio.OLE.Interop/7.10.6071": {
        "type": "package",
        "compile": {
          "lib/_._": {}
        },
        "runtime": {
          "lib/Microsoft.VisualStudio.OLE.Interop.dll": {}
        }
      },
      "Newtonsoft.Json/11.0.2": {
        "type": "package",
        "compile": {
          "lib/net45/_._": {}
        },
        "runtime": {
          "lib/net45/Newtonsoft.Json.dll": {}
        }
      },
      "NPOI/2.4.1": {
        "type": "package",
        "dependencies": {
          "SharpZipLib": "1.0.0"
        },
        "compile": {
          "lib/net45/_._": {}
        },
        "runtime": {
          "lib/net45/NPOI.OOXML.dll": {},
          "lib/net45/NPOI.OpenXml4Net.dll": {},
          "lib/net45/NPOI.OpenXmlFormats.dll": {},
          "lib/net45/NPOI.dll": {}
        }
      },
      "SharpZipLib/1.2.0": {
        "type": "package",
        "compile": {
          "lib/net45/_._": {}
        },
        "runtime": {
          "lib/net45/ICSharpCode.SharpZipLib.dll": {}
        }
      },
      "System.Buffers/4.5.1": {
        "type": "package",
        "frameworkAssemblies": [
          "mscorlib"
        ],
        "compile": {
          "ref/net45/_._": {}
        },
        "runtime": {
          "lib/net461/System.Buffers.dll": {}
        }
      },
      "System.ComponentModel.Annotations/4.7.0": {
        "type": "package",
        "frameworkAssemblies": [
          "System.ComponentModel.DataAnnotations",
          "mscorlib"
        ],
        "compile": {
          "ref/net461/_._": {}
        },
        "runtime": {
          "lib/net461/System.ComponentModel.Annotations.dll": {}
        }
      },
      "System.IO.Abstractions/3.0.10": {
        "type": "package",
        "frameworkAssemblies": [
          "Microsoft.CSharp",
          "System"
        ],
        "compile": {
          "lib/net40/_._": {}
        },
        "runtime": {
          "lib/net40/System.IO.Abstractions.dll": {}
        }
      },
      "System.IO.Pipelines/4.7.1": {
        "type": "package",
        "dependencies": {
          "System.Buffers": "4.5.0",
          "System.Memory": "4.5.3",
          "System.Threading.Tasks.Extensions": "4.5.2"
        },
        "compile": {
          "lib/netstandard2.0/_._": {}
        },
        "runtime": {
          "lib/netstandard2.0/System.IO.Pipelines.dll": {}
        }
      },
      "System.Memory/4.5.4": {
        "type": "package",
        "dependencies": {
          "System.Buffers": "4.5.1",
          "System.Numerics.Vectors": "4.5.0",
          "System.Runtime.CompilerServices.Unsafe": "4.5.3"
        },
        "frameworkAssemblies": [
          "System",
          "mscorlib"
        ],
        "compile": {
          "lib/net461/_._": {}
        },
        "runtime": {
          "lib/net461/System.Memory.dll": {}
        }
      },
      "System.Numerics.Vectors/4.5.0": {
        "type": "package",
        "frameworkAssemblies": [
          "System.Numerics",
          "mscorlib"
        ],
        "compile": {
          "ref/net46/_._": {}
        },
        "runtime": {
          "lib/net46/System.Numerics.Vectors.dll": {}
        }
      },
      "System.Runtime.CompilerServices.Unsafe/4.7.1": {
        "type": "package",
        "frameworkAssemblies": [
          "mscorlib"
        ],
        "compile": {
          "ref/net461/_._": {}
        },
        "runtime": {
          "lib/net461/System.Runtime.CompilerServices.Unsafe.dll": {}
        }
      },
      "System.Text.Encodings.Web/4.7.1": {
        "type": "package",
        "dependencies": {
          "System.Memory": "4.5.4"
        },
        "frameworkAssemblies": [
          "System",
          "mscorlib"
        ],
        "compile": {
          "lib/net461/_._": {}
        },
        "runtime": {
          "lib/net461/System.Text.Encodings.Web.dll": {}
        }
      },
      "System.Text.Json/4.7.2": {
        "type": "package",
        "dependencies": {
          "Microsoft.Bcl.AsyncInterfaces": "1.1.0",
          "System.Buffers": "4.5.1",
          "System.Memory": "4.5.4",
          "System.Numerics.Vectors": "4.5.0",
          "System.Runtime.CompilerServices.Unsafe": "4.7.1",
          "System.Text.Encodings.Web": "4.7.1",
          "System.Threading.Tasks.Extensions": "4.5.4",
          "System.ValueTuple": "4.5.0"
        },
        "frameworkAssemblies": [
          "System",
          "System.Core",
          "mscorlib"
        ],
        "compile": {
          "lib/net461/_._": {}
        },
        "runtime": {
          "lib/net461/System.Text.Json.dll": {}
        }
      },
      "System.Threading.Channels/4.7.1": {
        "type": "package",
        "dependencies": {
          "System.Threading.Tasks.Extensions": "4.5.4"
        },
        "frameworkAssemblies": [
          "mscorlib"
        ],
        "compile": {
          "lib/net461/_._": {}
        },
        "runtime": {
          "lib/net461/System.Threading.Channels.dll": {}
        }
      },
      "System.Threading.Tasks.Extensions/4.5.4": {
        "type": "package",
        "dependencies": {
          "System.Runtime.CompilerServices.Unsafe": "4.5.3"
        },
        "frameworkAssemblies": [
          "mscorlib"
        ],
        "compile": {
          "lib/net461/_._": {}
        },
        "runtime": {
          "lib/net461/System.Threading.Tasks.Extensions.dll": {}
        }
      },
      "System.ValueTuple/4.5.0": {
        "type": "package",
        "frameworkAssemblies": [
          "System",
          "mscorlib"
        ],
        "compile": {
          "ref/net461/_._": {}
        },
        "runtime": {
          "lib/net461/System.ValueTuple.dll": {}
        }
      },
      "UiPath.Excel.Activities/2.9.3": {
        "type": "package",
        "dependencies": {
          "ClosedXML": "0.87.1",
          "CsvHelper": "2.13.5",
          "DocumentFormat.OpenXml": "2.5.0",
          "Microsoft.VisualStudio.OLE.Interop": "7.10.6071",
          "NPOI": "2.4.1",
          "SharpZipLib": "1.0.0"
        },
        "compile": {
          "lib/net461/_._": {}
        },
        "runtime": {
          "lib/net461/UiPath.Excel.Activities.Design.dll": {},
          "lib/net461/UiPath.Excel.Activities.dll": {},
          "lib/net461/UiPath.Excel.dll": {}
        },
        "resource": {
          "lib/net461/de/UiPath.Excel.Activities.Design.resources.dll": {
            "locale": "de"
          },
          "lib/net461/de/UiPath.Excel.Activities.resources.dll": {
            "locale": "de"
          },
          "lib/net461/de/UiPath.Excel.resources.dll": {
            "locale": "de"
          },
          "lib/net461/es-MX/UiPath.Excel.Activities.Design.resources.dll": {
            "locale": "es-MX"
          },
          "lib/net461/es-MX/UiPath.Excel.Activities.resources.dll": {
            "locale": "es-MX"
          },
          "lib/net461/es-MX/UiPath.Excel.resources.dll": {
            "locale": "es-MX"
          },
          "lib/net461/es/UiPath.Excel.Activities.Design.resources.dll": {
            "locale": "es"
          },
          "lib/net461/es/UiPath.Excel.Activities.resources.dll": {
            "locale": "es"
          },
          "lib/net461/es/UiPath.Excel.resources.dll": {
            "locale": "es"
          },
          "lib/net461/fr/UiPath.Excel.Activities.Design.resources.dll": {
            "locale": "fr"
          },
          "lib/net461/fr/UiPath.Excel.Activities.resources.dll": {
            "locale": "fr"
          },
          "lib/net461/fr/UiPath.Excel.resources.dll": {
            "locale": "fr"
          },
          "lib/net461/ja/UiPath.Excel.Activities.Design.resources.dll": {
            "locale": "ja"
          },
          "lib/net461/ja/UiPath.Excel.Activities.resources.dll": {
            "locale": "ja"
          },
          "lib/net461/ja/UiPath.Excel.resources.dll": {
            "locale": "ja"
          },
          "lib/net461/ko/UiPath.Excel.Activities.Design.resources.dll": {
            "locale": "ko"
          },
          "lib/net461/ko/UiPath.Excel.Activities.resources.dll": {
            "locale": "ko"
          },
          "lib/net461/ko/UiPath.Excel.resources.dll": {
            "locale": "ko"
          },
          "lib/net461/pt-BR/UiPath.Excel.Activities.Design.resources.dll": {
            "locale": "pt-BR"
          },
          "lib/net461/pt-BR/UiPath.Excel.Activities.resources.dll": {
            "locale": "pt-BR"
          },
          "lib/net461/pt-BR/UiPath.Excel.resources.dll": {
            "locale": "pt-BR"
          },
          "lib/net461/pt/UiPath.Excel.Activities.Design.resources.dll": {
            "locale": "pt"
          },
          "lib/net461/pt/UiPath.Excel.Activities.resources.dll": {
            "locale": "pt"
          },
          "lib/net461/pt/UiPath.Excel.resources.dll": {
            "locale": "pt"
          },
          "lib/net461/ru/UiPath.Excel.Activities.Design.resources.dll": {
            "locale": "ru"
          },
          "lib/net461/ru/UiPath.Excel.Activities.resources.dll": {
            "locale": "ru"
          },
          "lib/net461/ru/UiPath.Excel.resources.dll": {
            "locale": "ru"
          },
          "lib/net461/tr/UiPath.Excel.Activities.Design.resources.dll": {
            "locale": "tr"
          },
          "lib/net461/tr/UiPath.Excel.Activities.resources.dll": {
            "locale": "tr"
          },
          "lib/net461/tr/UiPath.Excel.resources.dll": {
            "locale": "tr"
          },
          "lib/net461/zh-CN/UiPath.Excel.Activities.Design.resources.dll": {
            "locale": "zh-CN"
          },
          "lib/net461/zh-CN/UiPath.Excel.Activities.resources.dll": {
            "locale": "zh-CN"
          },
          "lib/net461/zh-CN/UiPath.Excel.resources.dll": {
            "locale": "zh-CN"
          }
        }
      },
      "UiPath.Platform/20.10.4": {
        "type": "package",
        "dependencies": {
          "Newtonsoft.Json": "11.0.2",
          "System.IO.Abstractions": "3.0.10",
          "System.ValueTuple": "4.5.0"
        },
        "compile": {
          "lib/net461/_._": {}
        },
        "runtime": {
          "lib/net461/UiPath.Platform.dll": {}
        }
      },
      "UiPath.System.Activities/20.10.4": {
        "type": "package",
        "dependencies": {
          "CsvHelper": "2.13.5",
          "Microsoft.AspNet.SignalR.Client": "2.4.0",
          "Microsoft.AspNetCore.SignalR.Client": "3.1.6",
          "Microsoft.Bcl.AsyncInterfaces": "1.1.1",
          "Microsoft.Rest.ClientRuntime": "2.3.21",
          "Newtonsoft.Json": "11.0.2",
          "SharpZipLib": "1.2.0",
          "System.Buffers": "4.5.1",
          "System.Memory": "4.5.4",
          "System.Numerics.Vectors": "4.5.0",
          "System.Runtime.CompilerServices.Unsafe": "4.7.1",
          "System.Threading.Tasks.Extensions": "4.5.4",
          "UiPath.Platform": "20.10.4"
        },
        "compile": {
          "lib/net461/_._": {}
        },
        "runtime": {
          "lib/net461/ActiproSoftware.Docking.Wpf.dll": {},
          "lib/net461/ActiproSoftware.Ribbon.Wpf.dll": {},
          "lib/net461/ActiproSoftware.Shared.Wpf.dll": {},
          "lib/net461/ActiproSoftware.SyntaxEditor.Addons.DotNet.Wpf.dll": {},
          "lib/net461/ActiproSoftware.SyntaxEditor.Wpf.dll": {},
          "lib/net461/ActiproSoftware.Text.Addons.DotNet.Wpf.dll": {},
          "lib/net461/ActiproSoftware.Text.LLParser.Wpf.dll": {},
          "lib/net461/ActiproSoftware.Text.Wpf.dll": {},
          "lib/net461/ActiproSoftware.Wizard.Wpf.dll": {},
          "lib/net461/CustomInputForm.exe": {},
          "lib/net461/UiPath.OrchestratorClient.dll": {},
          "lib/net461/UiPath.System.Activities.Design.dll": {},
          "lib/net461/UiPath.System.Activities.dll": {}
        },
        "resource": {
          "lib/net461/de/UiPath.System.Activities.Design.resources.dll": {
            "locale": "de"
          },
          "lib/net461/de/UiPath.System.Activities.resources.dll": {
            "locale": "de"
          },
          "lib/net461/es-MX/UiPath.System.Activities.Design.resources.dll": {
            "locale": "es-MX"
          },
          "lib/net461/es-MX/UiPath.System.Activities.resources.dll": {
            "locale": "es-MX"
          },
          "lib/net461/es/UiPath.System.Activities.Design.resources.dll": {
            "locale": "es"
          },
          "lib/net461/es/UiPath.System.Activities.resources.dll": {
            "locale": "es"
          },
          "lib/net461/fr/UiPath.System.Activities.Design.resources.dll": {
            "locale": "fr"
          },
          "lib/net461/fr/UiPath.System.Activities.resources.dll": {
            "locale": "fr"
          },
          "lib/net461/ja/UiPath.System.Activities.Design.resources.dll": {
            "locale": "ja"
          },
          "lib/net461/ja/UiPath.System.Activities.resources.dll": {
            "locale": "ja"
          },
          "lib/net461/ko/UiPath.System.Activities.Design.resources.dll": {
            "locale": "ko"
          },
          "lib/net461/ko/UiPath.System.Activities.resources.dll": {
            "locale": "ko"
          },
          "lib/net461/pt-BR/UiPath.System.Activities.Design.resources.dll": {
            "locale": "pt-BR"
          },
          "lib/net461/pt-BR/UiPath.System.Activities.resources.dll": {
            "locale": "pt-BR"
          },
          "lib/net461/pt/UiPath.System.Activities.Design.resources.dll": {
            "locale": "pt"
          },
          "lib/net461/pt/UiPath.System.Activities.resources.dll": {
            "locale": "pt"
          },
          "lib/net461/ru/UiPath.System.Activities.Design.resources.dll": {
            "locale": "ru"
          },
          "lib/net461/ru/UiPath.System.Activities.resources.dll": {
            "locale": "ru"
          },
          "lib/net461/tr/UiPath.System.Activities.Design.resources.dll": {
            "locale": "tr"
          },
          "lib/net461/tr/UiPath.System.Activities.resources.dll": {
            "locale": "tr"
          },
          "lib/net461/zh-CN/UiPath.System.Activities.Design.resources.dll": {
            "locale": "zh-CN"
          },
          "lib/net461/zh-CN/UiPath.System.Activities.resources.dll": {
            "locale": "zh-CN"
          }
        }
      }
    }
  },
  "libraries": {
    "ClosedXML/0.87.1": {
      "sha512": "2LC0T8bu2G2kt34C4Ig87uZfrRO4MwMVI54e2To7m3DvwAs2Z2Ir86WQuUoW8Txo1uNGSfmu3DpfpQhSX0bIww==",
      "type": "package",
      "path": "closedxml/0.87.1",
      "files": [
        ".nupkg.metadata",
        "closedxml.0.87.1.nupkg.sha512",
        "closedxml.nuspec",
        "lib/net35/ClosedXML.dll",
        "lib/net35/ClosedXML.pdb",
        "lib/net35/ClosedXML.xml",
        "lib/net40/ClosedXML.dll",
        "lib/net40/ClosedXML.pdb",
        "lib/net40/ClosedXML.xml"
      ]
    },
    "CsvHelper/2.13.5": {
      "sha512": "fC8DPi/YTcZ8uXFiAeuT9EpsR2TE5cSJ2jg/4tht/Oen6az/djebpYoCQEtI33RfNrSZ533SedOknlWtUTX3fw==",
      "type": "package",
      "path": "csvhelper/2.13.5",
      "files": [
        ".nupkg.metadata",
        "csvhelper.2.13.5.nupkg.sha512",
        "csvhelper.nuspec",
        "lib/net20/CsvHelper.dll",
        "lib/net20/CsvHelper.pdb",
        "lib/net20/CsvHelper.xml",
        "lib/net35-client/CsvHelper.dll",
        "lib/net35-client/CsvHelper.pdb",
        "lib/net35-client/CsvHelper.xml",
        "lib/net40-client/CsvHelper.dll",
        "lib/net40-client/CsvHelper.pdb",
        "lib/net40-client/CsvHelper.xml",
        "lib/portable-net40+sl5+win8+wpa+wp8/CsvHelper.dll",
        "lib/portable-net40+sl5+win8+wpa+wp8/CsvHelper.pdb",
        "lib/portable-net40+sl5+win8+wpa+wp8/CsvHelper.xml"
      ]
    },
    "DocumentFormat.OpenXml/2.5.0": {
      "sha512": "H5jnox0hcLwzAjrpNqDPIItjh7dplF1kk1z8LatpI2h75wBgps1MepEttJFKs7xedQReCMHA0tGpNI0H2B+Mrg==",
      "type": "package",
      "path": "documentformat.openxml/2.5.0",
      "files": [
        ".nupkg.metadata",
        "documentformat.openxml.2.5.0.nupkg.sha512",
        "documentformat.openxml.nuspec",
        "lib/DocumentFormat.OpenXml.dll"
      ]
    },
    "Microsoft.AspNet.SignalR.Client/2.4.0": {
      "sha512": "xGoQq9dEsBU49U1Whl0To2JyRQePmo8ayYS8VNruLlQaX+fQBzYyLJeMlW9r7mlt8Vc9JP+083m9pKrfYpdDbg==",
      "type": "package",
      "path": "microsoft.aspnet.signalr.client/2.4.0",
      "files": [
        ".nupkg.metadata",
        ".signature.p7s",
        "lib/net40/Microsoft.AspNet.SignalR.Client.dll",
        "lib/net40/Microsoft.AspNet.SignalR.Client.pdb",
        "lib/net40/Microsoft.AspNet.SignalR.Client.xml",
        "lib/net45/Microsoft.AspNet.SignalR.Client.dll",
        "lib/net45/Microsoft.AspNet.SignalR.Client.pdb",
        "lib/net45/Microsoft.AspNet.SignalR.Client.xml",
        "lib/netstandard1.3/Microsoft.AspNet.SignalR.Client.dll",
        "lib/netstandard1.3/Microsoft.AspNet.SignalR.Client.pdb",
        "lib/netstandard1.3/Microsoft.AspNet.SignalR.Client.xml",
        "lib/netstandard2.0/Microsoft.AspNet.SignalR.Client.dll",
        "lib/netstandard2.0/Microsoft.AspNet.SignalR.Client.pdb",
        "lib/netstandard2.0/Microsoft.AspNet.SignalR.Client.xml",
        "microsoft.aspnet.signalr.client.2.4.0.nupkg.sha512",
        "microsoft.aspnet.signalr.client.nuspec"
      ]
    },
    "Microsoft.AspNetCore.Connections.Abstractions/3.1.6": {
      "sha512": "PGsLbPyqE5PnBSqhBVH0WmdIwvpKyJnQvaNJpC0HYyorJiiyFFeG18a4nns8hWAxHQBsuXfc5lk8zLLPHhMq+A==",
      "type": "package",
      "path": "microsoft.aspnetcore.connections.abstractions/3.1.6",
      "files": [
        ".nupkg.metadata",
        ".signature.p7s",
        "Icon.png",
        "THIRD-PARTY-NOTICES.TXT",
        "lib/netcoreapp3.1/Microsoft.AspNetCore.Connections.Abstractions.dll",
        "lib/netcoreapp3.1/Microsoft.AspNetCore.Connections.Abstractions.xml",
        "lib/netstandard2.0/Microsoft.AspNetCore.Connections.Abstractions.dll",
        "lib/netstandard2.0/Microsoft.AspNetCore.Connections.Abstractions.xml",
        "lib/netstandard2.1/Microsoft.AspNetCore.Connections.Abstractions.dll",
        "lib/netstandard2.1/Microsoft.AspNetCore.Connections.Abstractions.xml",
        "microsoft.aspnetcore.connections.abstractions.3.1.6.nupkg.sha512",
        "microsoft.aspnetcore.connections.abstractions.nuspec"
      ]
    },
    "Microsoft.AspNetCore.Http.Connections.Client/3.1.6": {
      "sha512": "UDjxn0qZWq/WVNNdsl/0WfmhX5RIIP7ABnKd/bCG9HY8u/l/Z984fKkEFiEJlYiEIy1ZOaiGgOFpe/Safzts5A==",
      "type": "package",
      "path": "microsoft.aspnetcore.http.connections.client/3.1.6",
      "files": [
        ".nupkg.metadata",
        ".signature.p7s",
        "Icon.png",
        "THIRD-PARTY-NOTICES.TXT",
        "lib/netstandard2.0/Microsoft.AspNetCore.Http.Connections.Client.dll",
        "lib/netstandard2.0/Microsoft.AspNetCore.Http.Connections.Client.xml",
        "lib/netstandard2.1/Microsoft.AspNetCore.Http.Connections.Client.dll",
        "lib/netstandard2.1/Microsoft.AspNetCore.Http.Connections.Client.xml",
        "microsoft.aspnetcore.http.connections.client.3.1.6.nupkg.sha512",
        "microsoft.aspnetcore.http.connections.client.nuspec"
      ]
    },
    "Microsoft.AspNetCore.Http.Connections.Common/3.1.6": {
      "sha512": "G3CbJXAy0g2GTluBxqy5wuwTpwSPKvBIhqzHNPXjZcHA/e5upwE7koINXzLMp5Nj7kNDRr8YXLn6kB6IAS1NxQ==",
      "type": "package",
      "path": "microsoft.aspnetcore.http.connections.common/3.1.6",
      "files": [
        ".nupkg.metadata",
        ".signature.p7s",
        "Icon.png",
        "THIRD-PARTY-NOTICES.TXT",
        "lib/netcoreapp3.1/Microsoft.AspNetCore.Http.Connections.Common.dll",
        "lib/netcoreapp3.1/Microsoft.AspNetCore.Http.Connections.Common.xml",
        "lib/netstandard2.0/Microsoft.AspNetCore.Http.Connections.Common.dll",
        "lib/netstandard2.0/Microsoft.AspNetCore.Http.Connections.Common.xml",
        "microsoft.aspnetcore.http.connections.common.3.1.6.nupkg.sha512",
        "microsoft.aspnetcore.http.connections.common.nuspec"
      ]
    },
    "Microsoft.AspNetCore.Http.Features/3.1.6": {
      "sha512": "dnV2D6wxXQ7dzqOpZrJB43M4CECujyg3JeT92Dr2K5qv92rl+m59VRTgI9C3jEtRoojJRtr7cUxuU1MbEhZ8vw==",
      "type": "package",
      "path": "microsoft.aspnetcore.http.features/3.1.6",
      "files": [
        ".nupkg.metadata",
        ".signature.p7s",
        "Icon.png",
        "THIRD-PARTY-NOTICES.TXT",
        "lib/netcoreapp3.1/Microsoft.AspNetCore.Http.Features.dll",
        "lib/netcoreapp3.1/Microsoft.AspNetCore.Http.Features.xml",
        "lib/netstandard2.0/Microsoft.AspNetCore.Http.Features.dll",
        "lib/netstandard2.0/Microsoft.AspNetCore.Http.Features.xml",
        "microsoft.aspnetcore.http.features.3.1.6.nupkg.sha512",
        "microsoft.aspnetcore.http.features.nuspec"
      ]
    },
    "Microsoft.AspNetCore.SignalR.Client/3.1.6": {
      "sha512": "fcJLCV35P4iLoofOfxKoTgMsxOl81DL4N8qAnYcDhrGe2ZjTeCHbHvaS27QZrVKDPn6CjgcVumO98nLSLB7YJA==",
      "type": "package",
      "path": "microsoft.aspnetcore.signalr.client/3.1.6",
      "files": [
        ".nupkg.metadata",
        ".signature.p7s",
        "Icon.png",
        "THIRD-PARTY-NOTICES.TXT",
        "lib/netstandard2.0/Microsoft.AspNetCore.SignalR.Client.dll",
        "lib/netstandard2.0/Microsoft.AspNetCore.SignalR.Client.xml",
        "microsoft.aspnetcore.signalr.client.3.1.6.nupkg.sha512",
        "microsoft.aspnetcore.signalr.client.nuspec"
      ]
    },
    "Microsoft.AspNetCore.SignalR.Client.Core/3.1.6": {
      "sha512": "yx5xKs7C0ibefLaL5OyhEYVI6z4KfJ+8qGeRM3GpMdyqUE3IMV+UJiMXDk7sbKWG+jmGEtK1SjXEg0CbiQ0aYw==",
      "type": "package",
      "path": "microsoft.aspnetcore.signalr.client.core/3.1.6",
      "files": [
        ".nupkg.metadata",
        ".signature.p7s",
        "Icon.png",
        "THIRD-PARTY-NOTICES.TXT",
        "lib/netstandard2.0/Microsoft.AspNetCore.SignalR.Client.Core.dll",
        "lib/netstandard2.0/Microsoft.AspNetCore.SignalR.Client.Core.xml",
        "lib/netstandard2.1/Microsoft.AspNetCore.SignalR.Client.Core.dll",
        "lib/netstandard2.1/Microsoft.AspNetCore.SignalR.Client.Core.xml",
        "microsoft.aspnetcore.signalr.client.core.3.1.6.nupkg.sha512",
        "microsoft.aspnetcore.signalr.client.core.nuspec"
      ]
    },
    "Microsoft.AspNetCore.SignalR.Common/3.1.6": {
      "sha512": "rYGk842JbQ/IlRhXifTSW2zLggdG4/NzH6e+2iRL+zD+ZE6sg2duFgJzqHySWoO863l3JXbpW1ryTh43PCKIzA==",
      "type": "package",
      "path": "microsoft.aspnetcore.signalr.common/3.1.6",
      "files": [
        ".nupkg.metadata",
        ".signature.p7s",
        "Icon.png",
        "THIRD-PARTY-NOTICES.TXT",
        "lib/netcoreapp3.1/Microsoft.AspNetCore.SignalR.Common.dll",
        "lib/netcoreapp3.1/Microsoft.AspNetCore.SignalR.Common.xml",
        "lib/netstandard2.0/Microsoft.AspNetCore.SignalR.Common.dll",
        "lib/netstandard2.0/Microsoft.AspNetCore.SignalR.Common.xml",
        "microsoft.aspnetcore.signalr.common.3.1.6.nupkg.sha512",
        "microsoft.aspnetcore.signalr.common.nuspec"
      ]
    },
    "Microsoft.AspNetCore.SignalR.Protocols.Json/3.1.6": {
      "sha512": "nF9IiFOtkUXJh5vNQKRzkJ90HoFYSxxen9E46BWWKkl56QepC8ICwGvx86R3CQaHN8Ii5T8zd8Cni2JvUNXsog==",
      "type": "package",
      "path": "microsoft.aspnetcore.signalr.protocols.json/3.1.6",
      "files": [
        ".nupkg.metadata",
        ".signature.p7s",
        "Icon.png",
        "THIRD-PARTY-NOTICES.TXT",
        "lib/netcoreapp3.1/Microsoft.AspNetCore.SignalR.Protocols.Json.dll",
        "lib/netcoreapp3.1/Microsoft.AspNetCore.SignalR.Protocols.Json.xml",
        "lib/netstandard2.0/Microsoft.AspNetCore.SignalR.Protocols.Json.dll",
        "lib/netstandard2.0/Microsoft.AspNetCore.SignalR.Protocols.Json.xml",
        "microsoft.aspnetcore.signalr.protocols.json.3.1.6.nupkg.sha512",
        "microsoft.aspnetcore.signalr.protocols.json.nuspec"
      ]
    },
    "Microsoft.Bcl.AsyncInterfaces/1.1.1": {
      "sha512": "yuvf07qFWFqtK3P/MRkEKLhn5r2UbSpVueRziSqj0yJQIKFwG1pq9mOayK3zE5qZCTs0CbrwL9M6R8VwqyGy2w==",
      "type": "package",
      "path": "microsoft.bcl.asyncinterfaces/1.1.1",
      "files": [
        ".nupkg.metadata",
        ".signature.p7s",
        "Icon.png",
        "LICENSE.TXT",
        "THIRD-PARTY-NOTICES.TXT",
        "lib/net461/Microsoft.Bcl.AsyncInterfaces.dll",
        "lib/net461/Microsoft.Bcl.AsyncInterfaces.xml",
        "lib/netstandard2.0/Microsoft.Bcl.AsyncInterfaces.dll",
        "lib/netstandard2.0/Microsoft.Bcl.AsyncInterfaces.xml",
        "lib/netstandard2.1/Microsoft.Bcl.AsyncInterfaces.dll",
        "lib/netstandard2.1/Microsoft.Bcl.AsyncInterfaces.xml",
        "microsoft.bcl.asyncinterfaces.1.1.1.nupkg.sha512",
        "microsoft.bcl.asyncinterfaces.nuspec",
        "ref/net461/Microsoft.Bcl.AsyncInterfaces.dll",
        "ref/netstandard2.0/Microsoft.Bcl.AsyncInterfaces.dll",
        "ref/netstandard2.1/Microsoft.Bcl.AsyncInterfaces.dll",
        "useSharedDesignerContext.txt",
        "version.txt"
      ]
    },
    "Microsoft.Extensions.Configuration/3.1.6": {
      "sha512": "gphCAywKC+ye1XdL+8Nv2Pd5b1Fn2yx7DekB4GQPCKaPyK94T9Tb+Sfk/iNdaDKtDl4vwidMI0w2AnoXtvofsw==",
      "type": "package",
      "path": "microsoft.extensions.configuration/3.1.6",
      "files": [
        ".nupkg.metadata",
        ".signature.p7s",
        "Icon.png",
        "lib/netcoreapp3.1/Microsoft.Extensions.Configuration.dll",
        "lib/netcoreapp3.1/Microsoft.Extensions.Configuration.xml",
        "lib/netstandard2.0/Microsoft.Extensions.Configuration.dll",
        "lib/netstandard2.0/Microsoft.Extensions.Configuration.xml",
        "microsoft.extensions.configuration.3.1.6.nupkg.sha512",
        "microsoft.extensions.configuration.nuspec"
      ]
    },
    "Microsoft.Extensions.Configuration.Abstractions/3.1.6": {
      "sha512": "Z7QAA7XFvYuGZCKsfzetdIq0Vj1ngiIzCBBqerlQMhewx1ZFLXHuvKx9xAIWeZqhuQv69VmFs3vO0Af9FDAa9Q==",
      "type": "package",
      "path": "microsoft.extensions.configuration.abstractions/3.1.6",
      "files": [
        ".nupkg.metadata",
        ".signature.p7s",
        "Icon.png",
        "lib/netcoreapp3.1/Microsoft.Extensions.Configuration.Abstractions.dll",
        "lib/netcoreapp3.1/Microsoft.Extensions.Configuration.Abstractions.xml",
        "lib/netstandard2.0/Microsoft.Extensions.Configuration.Abstractions.dll",
        "lib/netstandard2.0/Microsoft.Extensions.Configuration.Abstractions.xml",
        "microsoft.extensions.configuration.abstractions.3.1.6.nupkg.sha512",
        "microsoft.extensions.configuration.abstractions.nuspec"
      ]
    },
    "Microsoft.Extensions.Configuration.Binder/3.1.6": {
      "sha512": "ZEEuo0TEQE+a/+l4EB/KdsjVt9bIee37c74C7Q+lLiP6WiPuBytP4EmxPYwrTB/oQX8sm9W3KvVGE5WW6oaNPg==",
      "type": "package",
      "path": "microsoft.extensions.configuration.binder/3.1.6",
      "files": [
        ".nupkg.metadata",
        ".signature.p7s",
        "Icon.png",
        "lib/netcoreapp3.1/Microsoft.Extensions.Configuration.Binder.dll",
        "lib/netcoreapp3.1/Microsoft.Extensions.Configuration.Binder.xml",
        "lib/netstandard2.0/Microsoft.Extensions.Configuration.Binder.dll",
        "lib/netstandard2.0/Microsoft.Extensions.Configuration.Binder.xml",
        "microsoft.extensions.configuration.binder.3.1.6.nupkg.sha512",
        "microsoft.extensions.configuration.binder.nuspec"
      ]
    },
    "Microsoft.Extensions.DependencyInjection/3.1.6": {
      "sha512": "YMJWflBmBc0PbqYvt3m4ueSCgV51JLfqHhyunoVq0rBs9V4sVQw5JsPTB17bIrlHFJs2pt2olgfavOOvuGwoRg==",
      "type": "package",
      "path": "microsoft.extensions.dependencyinjection/3.1.6",
      "files": [
        ".nupkg.metadata",
        ".signature.p7s",
        "Icon.png",
        "lib/net461/Microsoft.Extensions.DependencyInjection.dll",
        "lib/net461/Microsoft.Extensions.DependencyInjection.xml",
        "lib/netcoreapp3.1/Microsoft.Extensions.DependencyInjection.dll",
        "lib/netcoreapp3.1/Microsoft.Extensions.DependencyInjection.xml",
        "lib/netstandard2.0/Microsoft.Extensions.DependencyInjection.dll",
        "lib/netstandard2.0/Microsoft.Extensions.DependencyInjection.xml",
        "lib/netstandard2.1/Microsoft.Extensions.DependencyInjection.dll",
        "lib/netstandard2.1/Microsoft.Extensions.DependencyInjection.xml",
        "microsoft.extensions.dependencyinjection.3.1.6.nupkg.sha512",
        "microsoft.extensions.dependencyinjection.nuspec"
      ]
    },
    "Microsoft.Extensions.DependencyInjection.Abstractions/3.1.6": {
      "sha512": "JVlypPjlPqOEyAhET6pA7TqrK+Ya8TrYe2vvqsp62TYKS87oNuReoS7XpDFW0rrOsQo66G1yYf3K0E+lJHFHuw==",
      "type": "package",
      "path": "microsoft.extensions.dependencyinjection.abstractions/3.1.6",
      "files": [
        ".nupkg.metadata",
        ".signature.p7s",
        "Icon.png",
        "lib/netstandard2.0/Microsoft.Extensions.DependencyInjection.Abstractions.dll",
        "lib/netstandard2.0/Microsoft.Extensions.DependencyInjection.Abstractions.xml",
        "microsoft.extensions.dependencyinjection.abstractions.3.1.6.nupkg.sha512",
        "microsoft.extensions.dependencyinjection.abstractions.nuspec"
      ]
    },
    "Microsoft.Extensions.Logging/3.1.6": {
      "sha512": "qZH7iTdJn+kS/DWzQgQWMGMHBv+SqzuJB14G9tKAR2w3b6Wzn4ClAK3LGsc2l/cwBW3At1OJT/jBAal4Qm5Rjw==",
      "type": "package",
      "path": "microsoft.extensions.logging/3.1.6",
      "files": [
        ".nupkg.metadata",
        ".signature.p7s",
        "Icon.png",
        "lib/netcoreapp3.1/Microsoft.Extensions.Logging.dll",
        "lib/netcoreapp3.1/Microsoft.Extensions.Logging.xml",
        "lib/netstandard2.0/Microsoft.Extensions.Logging.dll",
        "lib/netstandard2.0/Microsoft.Extensions.Logging.xml",
        "microsoft.extensions.logging.3.1.6.nupkg.sha512",
        "microsoft.extensions.logging.nuspec"
      ]
    },
    "Microsoft.Extensions.Logging.Abstractions/3.1.6": {
      "sha512": "o2XYIjF9UugupEPvFsc9N8SjevixoRznS0V6EtjUZcGV4EjXXWKUXlKKsIWmD3i4dSiGo82aNcyqfQTsF/8h8g==",
      "type": "package",
      "path": "microsoft.extensions.logging.abstractions/3.1.6",
      "files": [
        ".nupkg.metadata",
        ".signature.p7s",
        "Icon.png",
        "lib/netstandard2.0/Microsoft.Extensions.Logging.Abstractions.dll",
        "lib/netstandard2.0/Microsoft.Extensions.Logging.Abstractions.xml",
        "microsoft.extensions.logging.abstractions.3.1.6.nupkg.sha512",
        "microsoft.extensions.logging.abstractions.nuspec"
      ]
    },
    "Microsoft.Extensions.Options/3.1.6": {
      "sha512": "6nBkdL9UxCfA8eDuFBZVYAYpJhux0a6R7y58KcYnqKEYF84X9cK1uJQ9a+VWEWGXujMa4fnCGoVdKNYhANqbZg==",
      "type": "package",
      "path": "microsoft.extensions.options/3.1.6",
      "files": [
        ".nupkg.metadata",
        ".signature.p7s",
        "Icon.png",
        "lib/netcoreapp3.1/Microsoft.Extensions.Options.dll",
        "lib/netcoreapp3.1/Microsoft.Extensions.Options.xml",
        "lib/netstandard2.0/Microsoft.Extensions.Options.dll",
        "lib/netstandard2.0/Microsoft.Extensions.Options.xml",
        "microsoft.extensions.options.3.1.6.nupkg.sha512",
        "microsoft.extensions.options.nuspec"
      ]
    },
    "Microsoft.Extensions.Primitives/3.1.6": {
      "sha512": "X+h3tO383iMbtFxYp6Al4pgBzbfQKJY8/gd4U7+sZy90XeSfnw5SwHyCiRrAePG6kee4zCGsvQHPCqaTZ876hw==",
      "type": "package",
      "path": "microsoft.extensions.primitives/3.1.6",
      "files": [
        ".nupkg.metadata",
        ".signature.p7s",
        "Icon.png",
        "lib/netcoreapp3.1/Microsoft.Extensions.Primitives.dll",
        "lib/netcoreapp3.1/Microsoft.Extensions.Primitives.xml",
        "lib/netstandard2.0/Microsoft.Extensions.Primitives.dll",
        "lib/netstandard2.0/Microsoft.Extensions.Primitives.xml",
        "microsoft.extensions.primitives.3.1.6.nupkg.sha512",
        "microsoft.extensions.primitives.nuspec"
      ]
    },
    "Microsoft.Rest.ClientRuntime/2.3.21": {
      "sha512": "KDYlgTyO693V6pi6SGk9eg+dDvKjuOgmkapbHdpnB1SmTPKpvWxVLIMyARJsCFLfB6axyURUJHOfvxBQ0yJKeg==",
      "type": "package",
      "path": "microsoft.rest.clientruntime/2.3.21",
      "files": [
        ".nupkg.metadata",
        ".signature.p7s",
        "lib/net452/Microsoft.Rest.ClientRuntime.dll",
        "lib/net452/Microsoft.Rest.ClientRuntime.runtimeconfig.json",
        "lib/net461/Microsoft.Rest.ClientRuntime.dll",
        "lib/net461/Microsoft.Rest.ClientRuntime.runtimeconfig.json",
        "lib/netstandard1.4/Microsoft.Rest.ClientRuntime.dll",
        "lib/netstandard1.4/Microsoft.Rest.ClientRuntime.runtimeconfig.json",
        "lib/netstandard2.0/Microsoft.Rest.ClientRuntime.dll",
        "lib/netstandard2.0/Microsoft.Rest.ClientRuntime.runtimeconfig.json",
        "microsoft.rest.clientruntime.2.3.21.nupkg.sha512",
        "microsoft.rest.clientruntime.nuspec"
      ]
    },
    "Microsoft.VisualStudio.OLE.Interop/7.10.6071": {
      "sha512": "PuINhJH41DbKfkNU+qcyC4Wlt/z0DgI/ViZv6gjUclylnFbUIpCdqm4fK+PKJDfiarHTKnGWkxjKuOIS1Bqs5Q==",
      "type": "package",
      "path": "microsoft.visualstudio.ole.interop/7.10.6071",
      "files": [
        ".nupkg.metadata",
        "lib/Microsoft.VisualStudio.OLE.Interop.dll",
        "lib/Microsoft.VisualStudio.OLE.Interop.xml",
        "microsoft.visualstudio.ole.interop.7.10.6071.nupkg.sha512",
        "microsoft.visualstudio.ole.interop.nuspec"
      ]
    },
    "Newtonsoft.Json/11.0.2": {
      "sha512": "IvJe1pj7JHEsP8B8J8DwlMEx8UInrs/x+9oVY+oCD13jpLu4JbJU2WCIsMRn5C4yW9+DgkaO8uiVE5VHKjpmdQ==",
      "type": "package",
      "path": "newtonsoft.json/11.0.2",
      "files": [
        ".nupkg.metadata",
        ".signature.p7s",
        "LICENSE.md",
        "lib/net20/Newtonsoft.Json.dll",
        "lib/net20/Newtonsoft.Json.xml",
        "lib/net35/Newtonsoft.Json.dll",
        "lib/net35/Newtonsoft.Json.xml",
        "lib/net40/Newtonsoft.Json.dll",
        "lib/net40/Newtonsoft.Json.xml",
        "lib/net45/Newtonsoft.Json.dll",
        "lib/net45/Newtonsoft.Json.xml",
        "lib/netstandard1.0/Newtonsoft.Json.dll",
        "lib/netstandard1.0/Newtonsoft.Json.xml",
        "lib/netstandard1.3/Newtonsoft.Json.dll",
        "lib/netstandard1.3/Newtonsoft.Json.xml",
        "lib/netstandard2.0/Newtonsoft.Json.dll",
        "lib/netstandard2.0/Newtonsoft.Json.xml",
        "lib/portable-net40+sl5+win8+wp8+wpa81/Newtonsoft.Json.dll",
        "lib/portable-net40+sl5+win8+wp8+wpa81/Newtonsoft.Json.xml",
        "lib/portable-net45+win8+wp8+wpa81/Newtonsoft.Json.dll",
        "lib/portable-net45+win8+wp8+wpa81/Newtonsoft.Json.xml",
        "newtonsoft.json.11.0.2.nupkg.sha512",
        "newtonsoft.json.nuspec"
      ]
    },
    "NPOI/2.4.1": {
      "sha512": "85790/CY9z4DCU1KLpcdLSqaqaqmQOenTqXJfcsYK8LIKNAAoTgjT5LYLbORgdwAd63sbaJiCfB1SIn/dAXrJw==",
      "type": "package",
      "path": "npoi/2.4.1",
      "files": [
        ".nupkg.metadata",
        "LICENSE",
        "Read Me.txt",
        "lib/NPOI.xml",
        "lib/net40/NPOI.OOXML.dll",
        "lib/net40/NPOI.OpenXml4Net.dll",
        "lib/net40/NPOI.OpenXmlFormats.dll",
        "lib/net40/NPOI.dll",
        "lib/net45/NPOI.OOXML.dll",
        "lib/net45/NPOI.OpenXml4Net.dll",
        "lib/net45/NPOI.OpenXmlFormats.dll",
        "lib/net45/NPOI.dll",
        "lib/netstandard2.0/NPOI.OOXML.deps.json",
        "lib/netstandard2.0/NPOI.OOXML.dll",
        "lib/netstandard2.0/NPOI.OpenXml4Net.deps.json",
        "lib/netstandard2.0/NPOI.OpenXml4Net.dll",
        "lib/netstandard2.0/NPOI.OpenXmlFormats.deps.json",
        "lib/netstandard2.0/NPOI.OpenXmlFormats.dll",
        "lib/netstandard2.0/NPOI.deps.json",
        "lib/netstandard2.0/NPOI.dll",
        "logo/120_120.jpg",
        "logo/240_240.png",
        "logo/32_32.jpg",
        "logo/60_60.jpg",
        "npoi.2.4.1.nupkg.sha512",
        "npoi.nuspec"
      ]
    },
    "SharpZipLib/1.2.0": {
      "sha512": "zvWa/L02JHNatdtjya6Swpudb2YEHaOLHL1eRrqpjm71iGRNUNONO5adUF/9CHbSJbzhELW1UoH4NGy7n7+3bQ==",
      "type": "package",
      "path": "sharpziplib/1.2.0",
      "files": [
        ".nupkg.metadata",
        ".signature.p7s",
        "lib/net45/ICSharpCode.SharpZipLib.dll",
        "lib/net45/ICSharpCode.SharpZipLib.pdb",
        "lib/net45/ICSharpCode.SharpZipLib.xml",
        "lib/netstandard2.0/ICSharpCode.SharpZipLib.dll",
        "lib/netstandard2.0/ICSharpCode.SharpZipLib.pdb",
        "lib/netstandard2.0/ICSharpCode.SharpZipLib.xml",
        "sharpziplib.1.2.0.nupkg.sha512",
        "sharpziplib.nuspec"
      ]
    },
    "System.Buffers/4.5.1": {
      "sha512": "Rw7ijyl1qqRS0YQD/WycNst8hUUMgrMH4FCn1nNm27M4VxchZ1js3fVjQaANHO5f3sN4isvP4a+Met9Y4YomAg==",
      "type": "package",
      "path": "system.buffers/4.5.1",
      "files": [
        ".nupkg.metadata",
        ".signature.p7s",
        "LICENSE.TXT",
        "THIRD-PARTY-NOTICES.TXT",
        "lib/net461/System.Buffers.dll",
        "lib/net461/System.Buffers.xml",
        "lib/netcoreapp2.0/_._",
        "lib/netstandard1.1/System.Buffers.dll",
        "lib/netstandard1.1/System.Buffers.xml",
        "lib/netstandard2.0/System.Buffers.dll",
        "lib/netstandard2.0/System.Buffers.xml",
        "lib/uap10.0.16299/_._",
        "ref/net45/System.Buffers.dll",
        "ref/net45/System.Buffers.xml",
        "ref/netcoreapp2.0/_._",
        "ref/netstandard1.1/System.Buffers.dll",
        "ref/netstandard1.1/System.Buffers.xml",
        "ref/netstandard2.0/System.Buffers.dll",
        "ref/netstandard2.0/System.Buffers.xml",
        "ref/uap10.0.16299/_._",
        "system.buffers.4.5.1.nupkg.sha512",
        "system.buffers.nuspec",
        "useSharedDesignerContext.txt",
        "version.txt"
      ]
    },
    "System.ComponentModel.Annotations/4.7.0": {
      "sha512": "0YFqjhp/mYkDGpU0Ye1GjE53HMp9UVfGN7seGpAMttAC0C40v5gw598jCgpbBLMmCo0E5YRLBv5Z2doypO49ZQ==",
      "type": "package",
      "path": "system.componentmodel.annotations/4.7.0",
      "files": [
        ".nupkg.metadata",
        ".signature.p7s",
        "LICENSE.TXT",
        "THIRD-PARTY-NOTICES.TXT",
        "lib/MonoAndroid10/_._",
        "lib/MonoTouch10/_._",
        "lib/net45/_._",
        "lib/net461/System.ComponentModel.Annotations.dll",
        "lib/netcore50/System.ComponentModel.Annotations.dll",
        "lib/netstandard1.4/System.ComponentModel.Annotations.dll",
        "lib/netstandard2.0/System.ComponentModel.Annotations.dll",
        "lib/netstandard2.1/System.ComponentModel.Annotations.dll",
        "lib/netstandard2.1/System.ComponentModel.Annotations.xml",
        "lib/portable-net45+win8/_._",
        "lib/win8/_._",
        "lib/xamarinios10/_._",
        "lib/xamarinmac20/_._",
        "lib/xamarintvos10/_._",
        "lib/xamarinwatchos10/_._",
        "ref/MonoAndroid10/_._",
        "ref/MonoTouch10/_._",
        "ref/net45/_._",
        "ref/net461/System.ComponentModel.Annotations.dll",
        "ref/net461/System.ComponentModel.Annotations.xml",
        "ref/netcore50/System.ComponentModel.Annotations.dll",
        "ref/netcore50/System.ComponentModel.Annotations.xml",
        "ref/netcore50/de/System.ComponentModel.Annotations.xml",
        "ref/netcore50/es/System.ComponentModel.Annotations.xml",
        "ref/netcore50/fr/System.ComponentModel.Annotations.xml",
        "ref/netcore50/it/System.ComponentModel.Annotations.xml",
        "ref/netcore50/ja/System.ComponentModel.Annotations.xml",
        "ref/netcore50/ko/System.ComponentModel.Annotations.xml",
        "ref/netcore50/ru/System.ComponentModel.Annotations.xml",
        "ref/netcore50/zh-hans/System.ComponentModel.Annotations.xml",
        "ref/netcore50/zh-hant/System.ComponentModel.Annotations.xml",
        "ref/netstandard1.1/System.ComponentModel.Annotations.dll",
        "ref/netstandard1.1/System.ComponentModel.Annotations.xml",
        "ref/netstandard1.1/de/System.ComponentModel.Annotations.xml",
        "ref/netstandard1.1/es/System.ComponentModel.Annotations.xml",
        "ref/netstandard1.1/fr/System.ComponentModel.Annotations.xml",
        "ref/netstandard1.1/it/System.ComponentModel.Annotations.xml",
        "ref/netstandard1.1/ja/System.ComponentModel.Annotations.xml",
        "ref/netstandard1.1/ko/System.ComponentModel.Annotations.xml",
        "ref/netstandard1.1/ru/System.ComponentModel.Annotations.xml",
        "ref/netstandard1.1/zh-hans/System.ComponentModel.Annotations.xml",
        "ref/netstandard1.1/zh-hant/System.ComponentModel.Annotations.xml",
        "ref/netstandard1.3/System.ComponentModel.Annotations.dll",
        "ref/netstandard1.3/System.ComponentModel.Annotations.xml",
        "ref/netstandard1.3/de/System.ComponentModel.Annotations.xml",
        "ref/netstandard1.3/es/System.ComponentModel.Annotations.xml",
        "ref/netstandard1.3/fr/System.ComponentModel.Annotations.xml",
        "ref/netstandard1.3/it/System.ComponentModel.Annotations.xml",
        "ref/netstandard1.3/ja/System.ComponentModel.Annotations.xml",
        "ref/netstandard1.3/ko/System.ComponentModel.Annotations.xml",
        "ref/netstandard1.3/ru/System.ComponentModel.Annotations.xml",
        "ref/netstandard1.3/zh-hans/System.ComponentModel.Annotations.xml",
        "ref/netstandard1.3/zh-hant/System.ComponentModel.Annotations.xml",
        "ref/netstandard1.4/System.ComponentModel.Annotations.dll",
        "ref/netstandard1.4/System.ComponentModel.Annotations.xml",
        "ref/netstandard1.4/de/System.ComponentModel.Annotations.xml",
        "ref/netstandard1.4/es/System.ComponentModel.Annotations.xml",
        "ref/netstandard1.4/fr/System.ComponentModel.Annotations.xml",
        "ref/netstandard1.4/it/System.ComponentModel.Annotations.xml",
        "ref/netstandard1.4/ja/System.ComponentModel.Annotations.xml",
        "ref/netstandard1.4/ko/System.ComponentModel.Annotations.xml",
        "ref/netstandard1.4/ru/System.ComponentModel.Annotations.xml",
        "ref/netstandard1.4/zh-hans/System.ComponentModel.Annotations.xml",
        "ref/netstandard1.4/zh-hant/System.ComponentModel.Annotations.xml",
        "ref/netstandard2.0/System.ComponentModel.Annotations.dll",
        "ref/netstandard2.0/System.ComponentModel.Annotations.xml",
        "ref/netstandard2.1/System.ComponentModel.Annotations.dll",
        "ref/netstandard2.1/System.ComponentModel.Annotations.xml",
        "ref/portable-net45+win8/_._",
        "ref/win8/_._",
        "ref/xamarinios10/_._",
        "ref/xamarinmac20/_._",
        "ref/xamarintvos10/_._",
        "ref/xamarinwatchos10/_._",
        "system.componentmodel.annotations.4.7.0.nupkg.sha512",
        "system.componentmodel.annotations.nuspec",
        "useSharedDesignerContext.txt",
        "version.txt"
      ]
    },
    "System.IO.Abstractions/3.0.10": {
      "sha512": "15N2bCO8DLGzrnDyPwQ0653bTCmyJW4Ajw6yeFkJR74VptVvnGINcU5ibX4isxGkvi+YevK7JyVyjiJh6X91kA==",
      "type": "package",
      "path": "system.io.abstractions/3.0.10",
      "files": [
        ".nupkg.metadata",
        ".signature.p7s",
        "lib/net40/System.IO.Abstractions.dll",
        "lib/net40/System.IO.Abstractions.xml",
        "lib/netstandard1.4/System.IO.Abstractions.dll",
        "lib/netstandard1.4/System.IO.Abstractions.xml",
        "lib/netstandard2.0/System.IO.Abstractions.dll",
        "lib/netstandard2.0/System.IO.Abstractions.xml",
        "system.io.abstractions.3.0.10.nupkg.sha512",
        "system.io.abstractions.nuspec"
      ]
    },
    "System.IO.Pipelines/4.7.1": {
      "sha512": "TyMTasnXQt7U4k13RQ7tA3CrfWEkvWjR635SFfnKVwwMOgClLE5mdHSkG2D13BLIdNwbPTGVQnhQB8Rk7f53Rg==",
      "type": "package",
      "path": "system.io.pipelines/4.7.1",
      "files": [
        ".nupkg.metadata",
        ".signature.p7s",
        "Icon.png",
        "LICENSE.TXT",
        "THIRD-PARTY-NOTICES.TXT",
        "lib/netcoreapp3.0/System.IO.Pipelines.dll",
        "lib/netcoreapp3.0/System.IO.Pipelines.xml",
        "lib/netstandard1.3/System.IO.Pipelines.dll",
        "lib/netstandard1.3/System.IO.Pipelines.xml",
        "lib/netstandard2.0/System.IO.Pipelines.dll",
        "lib/netstandard2.0/System.IO.Pipelines.xml",
        "ref/netcoreapp2.0/System.IO.Pipelines.dll",
        "ref/netcoreapp2.0/System.IO.Pipelines.xml",
        "system.io.pipelines.4.7.1.nupkg.sha512",
        "system.io.pipelines.nuspec",
        "useSharedDesignerContext.txt",
        "version.txt"
      ]
    },
    "System.Memory/4.5.4": {
      "sha512": "1MbJTHS1lZ4bS4FmsJjnuGJOu88ZzTT2rLvrhW7Ygic+pC0NWA+3hgAen0HRdsocuQXCkUTdFn9yHJJhsijDXw==",
      "type": "package",
      "path": "system.memory/4.5.4",
      "files": [
        ".nupkg.metadata",
        ".signature.p7s",
        "LICENSE.TXT",
        "THIRD-PARTY-NOTICES.TXT",
        "lib/net461/System.Memory.dll",
        "lib/net461/System.Memory.xml",
        "lib/netcoreapp2.1/_._",
        "lib/netstandard1.1/System.Memory.dll",
        "lib/netstandard1.1/System.Memory.xml",
        "lib/netstandard2.0/System.Memory.dll",
        "lib/netstandard2.0/System.Memory.xml",
        "ref/netcoreapp2.1/_._",
        "system.memory.4.5.4.nupkg.sha512",
        "system.memory.nuspec",
        "useSharedDesignerContext.txt",
        "version.txt"
      ]
    },
    "System.Numerics.Vectors/4.5.0": {
      "sha512": "QQTlPTl06J/iiDbJCiepZ4H//BVraReU4O4EoRw1U02H5TLUIT7xn3GnDp9AXPSlJUDyFs4uWjWafNX6WrAojQ==",
      "type": "package",
      "path": "system.numerics.vectors/4.5.0",
      "files": [
        ".nupkg.metadata",
        ".signature.p7s",
        "LICENSE.TXT",
        "THIRD-PARTY-NOTICES.TXT",
        "lib/MonoAndroid10/_._",
        "lib/MonoTouch10/_._",
        "lib/net46/System.Numerics.Vectors.dll",
        "lib/net46/System.Numerics.Vectors.xml",
        "lib/netcoreapp2.0/_._",
        "lib/netstandard1.0/System.Numerics.Vectors.dll",
        "lib/netstandard1.0/System.Numerics.Vectors.xml",
        "lib/netstandard2.0/System.Numerics.Vectors.dll",
        "lib/netstandard2.0/System.Numerics.Vectors.xml",
        "lib/portable-net45+win8+wp8+wpa81/System.Numerics.Vectors.dll",
        "lib/portable-net45+win8+wp8+wpa81/System.Numerics.Vectors.xml",
        "lib/uap10.0.16299/_._",
        "lib/xamarinios10/_._",
        "lib/xamarinmac20/_._",
        "lib/xamarintvos10/_._",
        "lib/xamarinwatchos10/_._",
        "ref/MonoAndroid10/_._",
        "ref/MonoTouch10/_._",
        "ref/net45/System.Numerics.Vectors.dll",
        "ref/net45/System.Numerics.Vectors.xml",
        "ref/net46/System.Numerics.Vectors.dll",
        "ref/net46/System.Numerics.Vectors.xml",
        "ref/netcoreapp2.0/_._",
        "ref/netstandard1.0/System.Numerics.Vectors.dll",
        "ref/netstandard1.0/System.Numerics.Vectors.xml",
        "ref/netstandard2.0/System.Numerics.Vectors.dll",
        "ref/netstandard2.0/System.Numerics.Vectors.xml",
        "ref/uap10.0.16299/_._",
        "ref/xamarinios10/_._",
        "ref/xamarinmac20/_._",
        "ref/xamarintvos10/_._",
        "ref/xamarinwatchos10/_._",
        "system.numerics.vectors.4.5.0.nupkg.sha512",
        "system.numerics.vectors.nuspec",
        "useSharedDesignerContext.txt",
        "version.txt"
      ]
    },
    "System.Runtime.CompilerServices.Unsafe/4.7.1": {
      "sha512": "zOHkQmzPCn5zm/BH+cxC1XbUS3P4Yoi3xzW7eRgVpDR2tPGSzyMZ17Ig1iRkfJuY0nhxkQQde8pgePNiA7z7TQ==",
      "type": "package",
      "path": "system.runtime.compilerservices.unsafe/4.7.1",
      "files": [
        ".nupkg.metadata",
        ".signature.p7s",
        "Icon.png",
        "LICENSE.TXT",
        "THIRD-PARTY-NOTICES.TXT",
        "lib/net461/System.Runtime.CompilerServices.Unsafe.dll",
        "lib/net461/System.Runtime.CompilerServices.Unsafe.xml",
        "lib/netcoreapp2.0/System.Runtime.CompilerServices.Unsafe.dll",
        "lib/netcoreapp2.0/System.Runtime.CompilerServices.Unsafe.xml",
        "lib/netstandard1.0/System.Runtime.CompilerServices.Unsafe.dll",
        "lib/netstandard1.0/System.Runtime.CompilerServices.Unsafe.xml",
        "lib/netstandard2.0/System.Runtime.CompilerServices.Unsafe.dll",
        "lib/netstandard2.0/System.Runtime.CompilerServices.Unsafe.xml",
        "ref/net461/System.Runtime.CompilerServices.Unsafe.dll",
        "ref/net461/System.Runtime.CompilerServices.Unsafe.xml",
        "ref/netstandard1.0/System.Runtime.CompilerServices.Unsafe.dll",
        "ref/netstandard1.0/System.Runtime.CompilerServices.Unsafe.xml",
        "ref/netstandard2.0/System.Runtime.CompilerServices.Unsafe.dll",
        "ref/netstandard2.0/System.Runtime.CompilerServices.Unsafe.xml",
        "system.runtime.compilerservices.unsafe.4.7.1.nupkg.sha512",
        "system.runtime.compilerservices.unsafe.nuspec",
        "useSharedDesignerContext.txt",
        "version.txt"
      ]
    },
    "System.Text.Encodings.Web/4.7.1": {
      "sha512": "3qreYFQcLnyFk1LuaNWyyWE+sfkfe5eSTaIIssYrLNUIDbgyZNQBYQSzSDo4AprpjVeVX2T4KHKii9fiSZVUow==",
      "type": "package",
      "path": "system.text.encodings.web/4.7.1",
      "files": [
        ".nupkg.metadata",
        ".signature.p7s",
        "Icon.png",
        "LICENSE.TXT",
        "THIRD-PARTY-NOTICES.TXT",
        "lib/net461/System.Text.Encodings.Web.dll",
        "lib/net461/System.Text.Encodings.Web.xml",
        "lib/netstandard1.0/System.Text.Encodings.Web.dll",
        "lib/netstandard1.0/System.Text.Encodings.Web.xml",
        "lib/netstandard2.0/System.Text.Encodings.Web.dll",
        "lib/netstandard2.0/System.Text.Encodings.Web.xml",
        "lib/netstandard2.1/System.Text.Encodings.Web.dll",
        "lib/netstandard2.1/System.Text.Encodings.Web.xml",
        "system.text.encodings.web.4.7.1.nupkg.sha512",
        "system.text.encodings.web.nuspec",
        "useSharedDesignerContext.txt",
        "version.txt"
      ]
    },
    "System.Text.Json/4.7.2": {
      "sha512": "TcMd95wcrubm9nHvJEQs70rC0H/8omiSGGpU4FQ/ZA1URIqD4pjmFJh2Mfv1yH1eHgJDWTi2hMDXwTET+zOOyg==",
      "type": "package",
      "path": "system.text.json/4.7.2",
      "files": [
        ".nupkg.metadata",
        ".signature.p7s",
        "Icon.png",
        "LICENSE.TXT",
        "THIRD-PARTY-NOTICES.TXT",
        "lib/net461/System.Text.Json.dll",
        "lib/net461/System.Text.Json.xml",
        "lib/netcoreapp3.0/System.Text.Json.dll",
        "lib/netcoreapp3.0/System.Text.Json.xml",
        "lib/netstandard2.0/System.Text.Json.dll",
        "lib/netstandard2.0/System.Text.Json.xml",
        "system.text.json.4.7.2.nupkg.sha512",
        "system.text.json.nuspec",
        "useSharedDesignerContext.txt",
        "version.txt"
      ]
    },
    "System.Threading.Channels/4.7.1": {
      "sha512": "6akRtHK/wab3246t4p5v3HQrtQk8LboOt5T4dtpNgsp3zvDeM4/Gx8V12t0h+c/W9/enUrilk8n6EQqdQorZAA==",
      "type": "package",
      "path": "system.threading.channels/4.7.1",
      "files": [
        ".nupkg.metadata",
        ".signature.p7s",
        "Icon.png",
        "LICENSE.TXT",
        "THIRD-PARTY-NOTICES.TXT",
        "lib/net461/System.Threading.Channels.dll",
        "lib/net461/System.Threading.Channels.xml",
        "lib/netcoreapp3.0/System.Threading.Channels.dll",
        "lib/netcoreapp3.0/System.Threading.Channels.xml",
        "lib/netstandard1.3/System.Threading.Channels.dll",
        "lib/netstandard1.3/System.Threading.Channels.xml",
        "lib/netstandard2.0/System.Threading.Channels.dll",
        "lib/netstandard2.0/System.Threading.Channels.xml",
        "system.threading.channels.4.7.1.nupkg.sha512",
        "system.threading.channels.nuspec",
        "useSharedDesignerContext.txt",
        "version.txt"
      ]
    },
    "System.Threading.Tasks.Extensions/4.5.4": {
      "sha512": "zteT+G8xuGu6mS+mzDzYXbzS7rd3K6Fjb9RiZlYlJPam2/hU7JCBZBVEcywNuR+oZ1ncTvc/cq0faRr3P01OVg==",
      "type": "package",
      "path": "system.threading.tasks.extensions/4.5.4",
      "files": [
        ".nupkg.metadata",
        ".signature.p7s",
        "LICENSE.TXT",
        "THIRD-PARTY-NOTICES.TXT",
        "lib/MonoAndroid10/_._",
        "lib/MonoTouch10/_._",
        "lib/net461/System.Threading.Tasks.Extensions.dll",
        "lib/net461/System.Threading.Tasks.Extensions.xml",
        "lib/netcoreapp2.1/_._",
        "lib/netstandard1.0/System.Threading.Tasks.Extensions.dll",
        "lib/netstandard1.0/System.Threading.Tasks.Extensions.xml",
        "lib/netstandard2.0/System.Threading.Tasks.Extensions.dll",
        "lib/netstandard2.0/System.Threading.Tasks.Extensions.xml",
        "lib/portable-net45+win8+wp8+wpa81/System.Threading.Tasks.Extensions.dll",
        "lib/portable-net45+win8+wp8+wpa81/System.Threading.Tasks.Extensions.xml",
        "lib/xamarinios10/_._",
        "lib/xamarinmac20/_._",
        "lib/xamarintvos10/_._",
        "lib/xamarinwatchos10/_._",
        "ref/MonoAndroid10/_._",
        "ref/MonoTouch10/_._",
        "ref/netcoreapp2.1/_._",
        "ref/xamarinios10/_._",
        "ref/xamarinmac20/_._",
        "ref/xamarintvos10/_._",
        "ref/xamarinwatchos10/_._",
        "system.threading.tasks.extensions.4.5.4.nupkg.sha512",
        "system.threading.tasks.extensions.nuspec",
        "useSharedDesignerContext.txt",
        "version.txt"
      ]
    },
    "System.ValueTuple/4.5.0": {
      "sha512": "okurQJO6NRE/apDIP23ajJ0hpiNmJ+f0BwOlB/cSqTLQlw5upkf+5+96+iG2Jw40G1fCVCyPz/FhIABUjMR+RQ==",
      "type": "package",
      "path": "system.valuetuple/4.5.0",
      "files": [
        ".nupkg.metadata",
        ".signature.p7s",
        "LICENSE.TXT",
        "THIRD-PARTY-NOTICES.TXT",
        "lib/MonoAndroid10/_._",
        "lib/MonoTouch10/_._",
        "lib/net461/System.ValueTuple.dll",
        "lib/net461/System.ValueTuple.xml",
        "lib/net47/System.ValueTuple.dll",
        "lib/net47/System.ValueTuple.xml",
        "lib/netcoreapp2.0/_._",
        "lib/netstandard1.0/System.ValueTuple.dll",
        "lib/netstandard1.0/System.ValueTuple.xml",
        "lib/netstandard2.0/_._",
        "lib/portable-net40+sl4+win8+wp8/System.ValueTuple.dll",
        "lib/portable-net40+sl4+win8+wp8/System.ValueTuple.xml",
        "lib/uap10.0.16299/_._",
        "lib/xamarinios10/_._",
        "lib/xamarinmac20/_._",
        "lib/xamarintvos10/_._",
        "lib/xamarinwatchos10/_._",
        "ref/MonoAndroid10/_._",
        "ref/MonoTouch10/_._",
        "ref/net461/System.ValueTuple.dll",
        "ref/net47/System.ValueTuple.dll",
        "ref/netcoreapp2.0/_._",
        "ref/netstandard2.0/_._",
        "ref/portable-net40+sl4+win8+wp8/System.ValueTuple.dll",
        "ref/uap10.0.16299/_._",
        "ref/xamarinios10/_._",
        "ref/xamarinmac20/_._",
        "ref/xamarintvos10/_._",
        "ref/xamarinwatchos10/_._",
        "system.valuetuple.4.5.0.nupkg.sha512",
        "system.valuetuple.nuspec",
        "useSharedDesignerContext.txt",
        "version.txt"
      ]
    },
    "UiPath.Excel.Activities/2.9.3": {
      "sha512": "rYWg1JGpheTGtJpNVMOhzIeEcdlejTKRduaBKRKu51VWUcEEdAGtTFRa+/tCT4/bsxQ1d/Iad068sd0NJxOhGQ==",
      "type": "package",
      "path": "uipath.excel.activities/2.9.3",
      "files": [
        ".nupkg.metadata",
        ".signature.p7s",
        "lib/net461/UiPath.Excel.Activities.Design.dll",
        "lib/net461/UiPath.Excel.Activities.dll",
        "lib/net461/UiPath.Excel.dll",
        "lib/net461/de/UiPath.Excel.Activities.Design.resources.dll",
        "lib/net461/de/UiPath.Excel.Activities.resources.dll",
        "lib/net461/de/UiPath.Excel.resources.dll",
        "lib/net461/es-MX/UiPath.Excel.Activities.Design.resources.dll",
        "lib/net461/es-MX/UiPath.Excel.Activities.resources.dll",
        "lib/net461/es-MX/UiPath.Excel.resources.dll",
        "lib/net461/es/UiPath.Excel.Activities.Design.resources.dll",
        "lib/net461/es/UiPath.Excel.Activities.resources.dll",
        "lib/net461/es/UiPath.Excel.resources.dll",
        "lib/net461/fr/UiPath.Excel.Activities.Design.resources.dll",
        "lib/net461/fr/UiPath.Excel.Activities.resources.dll",
        "lib/net461/fr/UiPath.Excel.resources.dll",
        "lib/net461/ja/UiPath.Excel.Activities.Design.resources.dll",
        "lib/net461/ja/UiPath.Excel.Activities.resources.dll",
        "lib/net461/ja/UiPath.Excel.resources.dll",
        "lib/net461/ko/UiPath.Excel.Activities.Design.resources.dll",
        "lib/net461/ko/UiPath.Excel.Activities.resources.dll",
        "lib/net461/ko/UiPath.Excel.resources.dll",
        "lib/net461/pt-BR/UiPath.Excel.Activities.Design.resources.dll",
        "lib/net461/pt-BR/UiPath.Excel.Activities.resources.dll",
        "lib/net461/pt-BR/UiPath.Excel.resources.dll",
        "lib/net461/pt/UiPath.Excel.Activities.Design.resources.dll",
        "lib/net461/pt/UiPath.Excel.Activities.resources.dll",
        "lib/net461/pt/UiPath.Excel.resources.dll",
        "lib/net461/ru/UiPath.Excel.Activities.Design.resources.dll",
        "lib/net461/ru/UiPath.Excel.Activities.resources.dll",
        "lib/net461/ru/UiPath.Excel.resources.dll",
        "lib/net461/tr/UiPath.Excel.Activities.Design.resources.dll",
        "lib/net461/tr/UiPath.Excel.Activities.resources.dll",
        "lib/net461/tr/UiPath.Excel.resources.dll",
        "lib/net461/zh-CN/UiPath.Excel.Activities.Design.resources.dll",
        "lib/net461/zh-CN/UiPath.Excel.Activities.resources.dll",
        "lib/net461/zh-CN/UiPath.Excel.resources.dll",
        "uipath.excel.activities.2.9.3.nupkg.sha512",
        "uipath.excel.activities.nuspec"
      ]
    },
    "UiPath.Platform/20.10.4": {
      "sha512": "5brYnpk5ztkrfXHnUH77XgtMj98zBZUDFuJJl5sRr6vdd/uWMV5EKcbzDW3c8oFFTNDncliz2K6EmTgXrWYXjA==",
      "type": "package",
      "path": "uipath.platform/20.10.4",
      "files": [
        ".nupkg.metadata",
        ".signature.p7s",
        "lib/net461/UiPath.Platform.dll",
        "uipath.platform.20.10.4.nupkg.sha512",
        "uipath.platform.nuspec"
      ]
    },
    "UiPath.System.Activities/20.10.4": {
      "sha512": "lIA1dQkBmO27z+4BbDgVb/wNyhhCzwT86VcxIBIuVypS7hAialEQ6r/ia0wLCUVMUyVwzcTUu8+WKiodfbOD9w==",
      "type": "package",
      "path": "uipath.system.activities/20.10.4",
      "files": [
        ".nupkg.metadata",
        ".signature.p7s",
        "lib/net461/ActiproSoftware.Docking.Wpf.dll",
        "lib/net461/ActiproSoftware.Ribbon.Wpf.dll",
        "lib/net461/ActiproSoftware.Shared.Wpf.dll",
        "lib/net461/ActiproSoftware.SyntaxEditor.Addons.DotNet.Wpf.dll",
        "lib/net461/ActiproSoftware.SyntaxEditor.Wpf.dll",
        "lib/net461/ActiproSoftware.Text.Addons.DotNet.Wpf.dll",
        "lib/net461/ActiproSoftware.Text.LLParser.Wpf.dll",
        "lib/net461/ActiproSoftware.Text.Wpf.dll",
        "lib/net461/ActiproSoftware.Wizard.Wpf.dll",
        "lib/net461/CustomInputForm.exe",
        "lib/net461/UiPath.OrchestratorClient.dll",
        "lib/net461/UiPath.System.Activities.Design.dll",
        "lib/net461/UiPath.System.Activities.dll",
        "lib/net461/de/UiPath.System.Activities.Design.resources.dll",
        "lib/net461/de/UiPath.System.Activities.resources.dll",
        "lib/net461/es-MX/UiPath.System.Activities.Design.resources.dll",
        "lib/net461/es-MX/UiPath.System.Activities.resources.dll",
        "lib/net461/es/UiPath.System.Activities.Design.resources.dll",
        "lib/net461/es/UiPath.System.Activities.resources.dll",
        "lib/net461/fr/UiPath.System.Activities.Design.resources.dll",
        "lib/net461/fr/UiPath.System.Activities.resources.dll",
        "lib/net461/ja/UiPath.System.Activities.Design.resources.dll",
        "lib/net461/ja/UiPath.System.Activities.resources.dll",
        "lib/net461/ko/UiPath.System.Activities.Design.resources.dll",
        "lib/net461/ko/UiPath.System.Activities.resources.dll",
        "lib/net461/pt-BR/UiPath.System.Activities.Design.resources.dll",
        "lib/net461/pt-BR/UiPath.System.Activities.resources.dll",
        "lib/net461/pt/UiPath.System.Activities.Design.resources.dll",
        "lib/net461/pt/UiPath.System.Activities.resources.dll",
        "lib/net461/ru/UiPath.System.Activities.Design.resources.dll",
        "lib/net461/ru/UiPath.System.Activities.resources.dll",
        "lib/net461/tr/UiPath.System.Activities.Design.resources.dll",
        "lib/net461/tr/UiPath.System.Activities.resources.dll",
        "lib/net461/zh-CN/UiPath.System.Activities.Design.resources.dll",
        "lib/net461/zh-CN/UiPath.System.Activities.resources.dll",
        "uipath.system.activities.20.10.4.nupkg.sha512",
        "uipath.system.activities.nuspec"
      ]
    }
  },
  "projectFileDependencyGroups": {
    "": [],
    ".NETFramework,Version=v4.6.1": [
      "UiPath.Excel.Activities >= 2.9.3 <= 2.9.3",
      "UiPath.System.Activities >= 20.10.4 <= 20.10.4"
    ]
  },
  "packageFolders": {
    "C:\\Users\\calin.grigorescu\\.nuget\\packages\\": {}
  },
  "project": {
    "restore": {
      "projectUniqueName": "DataTableFiltering",
      "projectName": "DataTableFiltering",
      "projectPath": "C:\\Users\\calin.grigorescu\\Documents\\UiPath\\TheSelectMethod\\.local",
      "packagesPath": "C:\\Users\\calin.grigorescu\\.nuget\\packages\\",
      "outputPath": "C:\\Users\\calin.grigorescu\\Documents\\UiPath\\TheSelectMethod\\.local"
    },
    "frameworks": {
      "net461": {
        "dependencies": {
          "UiPath.Excel.Activities": {
            "include": "Runtime",
            "target": "Package",
            "version": "[2.9.3, 2.9.3]"
          },
          "UiPath.System.Activities": {
            "include": "Runtime",
            "target": "Package",
            "version": "[20.10.4, 20.10.4]"
          }
        },
        "runtimeIdentifierGraphPath": "C:\\Users\\calin.grigorescu\\AppData\\Local\\UiPath\\app-21.4.4\\runtime.json"
      }
    }
  }
}